,SBA,SBA_name,med_hous_inc,FL_loans,FL_loans_2_LI,inc_gap_ratio,mort_forc,pov_rate,asian,black,prob_race,hispan,white,pop_dens,priv_landL_amt,med_gro_rnt,vac_rt,condo,coop,sound,deter,rats,r_aches,afford,unafford,rent_burd,avg_age,howner,immigrant,med_year_moved_in,med_length_res,recent_moves,fresh_moves,displaced,rennov,PCT_GENTR,GENTR,recent_gentr,new_gentr,PCT_ACTIVE_GENTR,ACTIVE_GENTR,recent_active_gentr,new_active_gentr,tot_pop,sq_miles,t_dollar_stores,dollars_per_1kppl,dollars_per_sqm,liqour_per_1kppl,liqour_per_sqm,tobacco_per_1kppl,tobacco_per_sqm,convenience_per_1kppl,convenience_per_sqm,ecig_per_1kppl,ecig_per_sqm,marijuana_per_1kppl,marijuana_per_sqm,civsoc_per_1kppl,civsoc_per_sqm,youthorgs_per_1kppl,youthorgs_per_sqm,vetorgs_per_1kppl,vetorgs_per_sqm,relig_per_1kppl,relig_per_sqm,barber_per_1kppl,barber_per_sqm,beauty_per_1kppl,beauty_per_sqm,laundry_per_1kppl,laundry_per_sqm,drycl_per_1kppl,drycl_per_sqm,I/Fserv_per_1kppl,I/Fserv_per_sqm,E/Dserv_per_1kppl,E/Dserv_per_sqm,C/Yserv_per_1kppl,C/Yserv_per_sqm,Eserv_per_1kppl,Eserv_per_sqm,MDprog_per_1kppl,MDprog_per_sqm,Gcouns_per_1kppl,Gcouns_per_sqm,SAcouns_per_1kppl,SAcouns_per_sqm,Dayc_per_1kppl,Dayc_per_sqm,C/Sstor_per_1kppl,C/Sstor_per_sqm,F/Astor_per_1kppl,F/Astor_per_sqm,Mstor_per_1kppl,Mstor_per_sqm,H/Gstor_per_1kppl,H/Gstor_per_sqm,D/Vstor_per_1kppl,D/Vstor_per_sqm,Ustor_per_1kppl,Ustor_per_sqm,pyhs_per_1kppl,phys_per_sqm,pharm_per_1kppl,pharm_per_sqm,post_per_1kppl,post_per_sqm,banks_per_1kppl,banks_per_sqm,R/Pcent_per_1kppl,R/Pcent_per_sqm,G/Drang_per_1kppl,G/Drang_per_sqm,SK/SW/Tcourt_per_1kppl,SK/SW/Tcourt_per_sqm,Members_per_1kppl,Members_per_sqm,TotRec_per_1kppl,TotRec_per_sqm,Share_Priv_Rec,Arts/E_per_1kppl,Arts/E_per_sqm,Hotels_per_1kppl,Hotels_per_sqm,MTAStops_per_sqm,Wavg_download_sp,Wavg_upload_sp,aff_30_pre,aff_30_post,aff_80_pre,aff_80_post,aff_120_pre,aff_120_post,vac_rt_pre,vac_rt_post,housing_quality,inv_med_gro_rnt,avg_surrounding_med_inc,raceth_group,resilience_index,family_index,necessary_amenities_index,unnecessary_amenities_index,amenity_ratio,condocoop,decay,not_sound,rent_gap_index,displ_pressure_index
0,101,Mott Haven/Hunts Point,26090,0.3,1.0,5.9,70.0,0.442,0.003,0.284,0.47,0.672,0.033,31.9,2925,1200,0.1239669421487603,0.0165289256198347,0.0413223140495867,0.962809917355372,0.0165289256198347,0.3347107438016529,0.3677685950413223,0.6157024793388429,0.1652892561983471,0.338,52.7877358490566,0.0578512396694214,0.268595041322314,2007.0,10,0.4628099173553719,0.2727272727272727,0.0206611570247933,0.0785123966942148,23.140495867768596,0.2314049586776859,0.0743801652892562,0.024793388429752,3.71900826446281,0.0371900826446281,0.0371900826446281,0.0206611570247933,156731.0,4.8572189,12,0.0765643044451959,2.4705495566609113,0.21055184,6.7940116,0.0063803587,0.20587914,0.1403679,4.529341,0.0,0.0,0.0,0.0,0.12760717,4.117583,0.025521435,0.82351655,0.0,0.0,0.9060109,29.234837,0.3828215,12.352748,0.9570538,30.88187,0.22331256,7.2057695,0.06380358,2.0587914,0.8166859,26.35253,0.095705375,3.088187,0.038282152,1.2352748,0.03190179,1.0293957,0.0063803587,0.20587914,0.23607327,7.617528,0.012760717,0.41175827,0.5550912,17.911486,0.6188948,19.970276,0.248834,8.029286,0.095705375,3.088187,0.089325026,2.882308,0.4466251,14.411539,0.095705375,3.088187,0.4785269,15.440935,0.5614716,18.117365,0.019141076,0.6176374,0.11484646,3.7058244,0.095705375,3.088187,0.0,0.0,0.0,0.0,0.108466096,3.4999454,0.22969292,7.4116488,0.4722222,0.08294467,2.6764288,0.05742323,1.8529122,0.4117768169652048,389.85621978386,389.5055948641717,25.5,29.9,92.6,89.5,99.1,98.9,1.9,1.7,0.8811785246997387,0.8333333333333334,40193.333333333336,Hispanic,34.54545454545455,73.33333333333333,66.06060606060606,24.545454545454543,0.3715596330275229,0.057851239669421406,0.05371900826446267,0.037190082644627975,63.63636363636363,62.72727272727272
1,102,Morrisania/Belmont,32330,0.534,1.0,6.2,115.0,0.358,0.013000000000000001,0.325,0.51,0.618,0.038,43.0,3174,1280,0.1373239436619718,0.0176056338028169,0.028169014084507,0.8767605633802817,0.0492957746478873,0.323943661971831,0.3133802816901408,0.5105633802816901,0.1478873239436619,0.3535,50.244897959183675,0.0774647887323943,0.2640845070422535,2010.0,7,0.5492957746478874,0.3697183098591549,0.028169014084507,0.0774647887323943,25.704225352112676,0.2570422535211267,0.0950704225352112,0.0422535211267605,1.056338028169014,0.0105633802816901,0.0105633802816901,0.0035211267605633,171842.0,4.3711078,5,0.0290964956180677,1.143874786158328,0.13966319,5.490599,0.040735092,1.6014248,0.13966319,5.490599,0.0058192993,0.22877496,0.0,0.0,0.12802458,5.033049,0.046554394,1.8301997,0.0058192993,0.22877496,1.146402,45.06867,0.39571232,15.556698,0.86707556,34.08747,0.16875969,6.6344743,0.046554394,1.8301997,0.5120983,20.132196,0.046554394,1.8301997,0.040735092,1.6014248,0.023277197,0.91509986,0.0,0.0,0.16294037,6.4056993,0.017457899,0.6863249,0.5935685,23.335047,0.44226673,17.386898,0.18039827,7.092024,0.05819299,2.2877498,0.052373692,2.0589747,0.26768774,10.523648,0.09892808,3.8891745,0.38989305,15.327923,0.35497725,13.955273,0.040735092,1.6014248,0.046554394,1.8301997,0.040735092,1.6014248,0.0,0.0,0.0,0.0,0.22113337,8.693449,0.28514564,11.209973,0.7755102,0.046554394,1.8301997,0.069831595,2.7452996,1.8298261665141813,323.8799774897294,323.4695600258265,23.4,21.5,90.9,93.1,99.7,99.1,1.8,2.0,1.1235504042209892,0.78125,42608.333333333336,Hispanic,5.454545454545454,66.66666666666667,60.909090909090914,30.454545454545453,0.49999999999999994,0.0457746478873239,0.17253521126760557,0.12323943661971826,78.18181818181819,82.27272727272728
2,103,Highbridge/South Concourse,38460,0.10300000000000001,1.0,5.6,38.0,0.364,0.01,0.27699999999999997,0.45,0.688,0.013000000000000001,75.0,3547,1400,0.1265306122448979,0.0122448979591836,0.0857142857142857,0.9714285714285714,0.0040816326530612,0.3387755102040816,0.3183673469387755,0.436734693877551,0.1714285714285714,0.36,51.0,0.0612244897959183,0.310204081632653,2007.0,10,0.4612244897959183,0.2897959183673469,0.0244897959183673,0.0653061224489796,24.489795918367346,0.2448979591836734,0.0775510204081632,0.0163265306122449,3.2653061224489797,0.0326530612244898,0.0326530612244898,0.0081632653061224,141400.0,1.9849199,7,0.0495049504950495,3.526590669981192,0.11315417,8.060781,0.07072136,5.0379877,0.14144272,10.075975,0.0,0.0,0.0,0.0,0.14144272,10.075975,0.03536068,2.5189939,0.014144272,1.0075976,0.78500706,55.92166,0.34653464,24.686138,0.96888256,69.02043,0.13437058,9.572176,0.03536068,2.5189939,0.3323904,23.678541,0.021216407,1.5113963,0.028288543,2.0151951,0.014144272,1.0075976,0.0,0.0,0.0990099,7.0531826,0.0,0.0,0.46676096,33.250717,0.5021216,35.76971,0.16265912,11.587372,0.06364922,4.5341887,0.056577086,4.0303903,0.33946252,24.18234,0.06364922,4.5341887,0.44554454,31.73932,0.3323904,23.678541,0.021216407,1.5113963,0.06364922,4.5341887,0.08486563,6.045585,0.0,0.0,0.0,0.0,0.22630835,16.121561,0.33946252,24.18234,0.6666667,0.12022631,8.564579,0.04950495,3.5265913,4.534005037783375,406.92120185651214,406.57534334632834,5.4,5.4,54.6,54.6,94.8,94.8,2.2,1.4,0.5823239280347106,0.7142857142857143,31990.0,Hispanic,12.727272727272727,36.36363636363637,49.09090909090909,43.63636363636364,0.888888888888889,0.0979591836734693,0.03265306122448978,0.02857142857142858,70.9090909090909,55.45454545454545
3,104,University Heights/Fordham,37550,0.5479999999999999,1.0,5.8,53.0,0.364,0.018000000000000002,0.244,0.43,0.711,0.01,98.2,3423,1450,0.0841584158415841,0.0,0.0148514851485148,0.8960396039603961,0.0247524752475247,0.396039603960396,0.4554455445544554,0.4356435643564356,0.2623762376237624,0.3705,49.33513513513513,0.0396039603960396,0.4356435643564356,2009.0,8,0.5643564356435643,0.3564356435643564,0.0247524752475247,0.0594059405940594,20.792079207920793,0.2079207920792079,0.0643564356435643,0.0247524752475247,2.4752475247524752,0.0247524752475247,0.0247524752475247,0.0099009900990099,139656.0,1.5100995,6,0.0429627083691355,3.9732481204053114,0.12888813,11.919744,0.035802256,3.3110397,0.09308586,8.608704,0.0,0.0,0.0,0.0,0.121727675,11.257535,0.028641805,2.6488318,0.0,0.0,0.70888466,65.558586,0.35802257,33.110397,1.0883886,100.65561,0.15752992,14.568575,0.0071604513,0.66220796,0.443948,41.056892,0.021481354,1.9866239,0.021481354,1.9866239,0.0143209025,1.3244159,0.0,0.0,0.12888813,11.919744,0.0071604513,0.66220796,0.6516011,60.260925,0.53703386,49.665596,0.121727675,11.257535,0.05012316,4.6354556,0.05728361,5.2976637,0.27209714,25.163902,0.05728361,5.2976637,0.4869107,45.03014,0.40098527,37.083645,0.0071604513,0.66220796,0.05012316,4.6354556,0.042962708,3.9732478,0.0,0.0,0.0,0.0,0.15036948,13.906367,0.20049264,18.541822,0.75,0.05728361,5.2976637,0.028641805,2.6488318,4.635761589403973,376.96465626189496,376.5943133201082,13.4,5.4,85.0,54.6,98.7,94.8,2.4,0.9,1.4562062379689162,0.689655172413793,38263.333333333336,Hispanic,21.818181818181817,57.575757575757585,37.57575757575757,17.727272727272727,0.4717741935483871,0.0148514851485148,0.12871287128712863,0.10396039603960394,65.45454545454545,72.95454545454545
4,105,Kingsbridge Heights/Mosholu,44000,0.096,0.667,5.7,25.0,0.32899999999999996,0.071,0.113,0.43,0.741,0.051,91.5,3852,1560,0.0303030303030303,0.0101010101010101,0.0606060606060606,0.9444444444444444,0.0101010101010101,0.303030303030303,0.4494949494949495,0.5353535353535354,0.2474747474747475,0.347,47.666666666666664,0.0707070707070707,0.3636363636363636,2010.0,7,0.5959595959595959,0.4393939393939394,0.0101010101010101,0.0,25.75757575757576,0.2575757575757575,0.106060606060606,0.0252525252525252,4.040404040404041,0.0404040404040404,0.0404040404040404,0.0151515151515151,132128.0,1.5712523,3,0.0227052555098086,1.909305081049046,0.09082102,7.637222,0.022705255,1.9093055,0.09838944,8.273657,0.0,0.0,0.0,0.0,0.13623154,11.4558325,0.022705255,1.9093055,0.0,0.0,0.56763136,47.732635,0.24218939,20.365925,0.95362073,80.19083,0.20434731,17.183748,0.022705255,1.9093055,0.43139985,36.276802,0.04541051,3.818611,0.04541051,3.818611,0.0,0.0,0.0,0.0,0.13623154,11.4558325,0.0075684185,0.63643515,0.6206103,52.187683,0.6811577,57.279163,0.24975781,21.00236,0.05297893,4.455046,0.04541051,3.818611,0.34057885,28.639582,0.121094696,10.182962,1.0822837,91.01022,0.33301044,28.003147,0.030273674,2.5457406,0.14379995,12.092268,0.04541051,3.818611,0.0,0.0,0.0075684185,0.63643515,0.09838944,8.273657,0.16650522,14.001574,0.59090906,0.0,0.0,0.015136837,1.2728703,12.746972594008923,373.4017914058641,373.00351401007794,5.8,13.9,89.7,92.3,100.0,100.0,2.4,2.7,0.9296602416662779,0.6410256410256411,52555.0,Hispanic,23.636363636363637,64.84848484848483,52.121212121212125,4.999999999999999,0.09593023255813951,0.0707070707070707,0.06565656565656568,0.05555555555555558,50.90909090909091,57.27272727272727
5,106,Riverdale/Kingsbridge,67190,0.009000000000000001,0.14,6.2,28.0,0.185,0.040999999999999995,0.11800000000000001,0.65,0.488,0.315,33.1,3906,1720,0.0769230769230769,0.0473372781065088,0.2485207100591716,0.9467455621301776,0.029585798816568,0.2189349112426035,0.301775147928994,0.5029585798816568,0.1420118343195266,0.3035,51.32051282051282,0.2840236686390532,0.3609467455621302,2008.0,9,0.4911242603550296,0.3668639053254438,0.0059171597633136,0.0059171597633136,25.44378698224852,0.2544378698224852,0.1183431952662721,0.0414201183431952,2.9585798816568047,0.029585798816568,0.029585798816568,0.0118343195266272,109938.0,3.4177769,1,0.009096035947534,0.292587851477374,0.10915243,3.5110543,0.04548018,1.4629393,0.100056395,3.2184665,0.0,0.0,0.0,0.0,0.3365533,10.82575,0.009096036,0.29258785,0.027288107,0.87776357,0.6731066,21.6515,0.19101675,6.144345,0.90050757,28.966198,0.11824847,3.8036423,0.04548018,1.4629393,0.39112955,12.581278,0.04548018,1.4629393,0.009096036,0.29258785,0.018192071,0.5851757,0.0,0.0,0.15463261,4.973994,0.0,0.0,0.56395423,18.140448,0.31836128,10.240575,0.08186433,2.6332908,0.054576214,1.7555271,0.04548018,1.4629393,0.31836128,10.240575,0.036384143,1.1703514,1.1188124,35.988308,0.24559297,7.8998723,0.036384143,1.1703514,0.17282468,5.5591693,0.100056395,3.2184665,0.009096036,0.29258785,0.0,0.0,0.14553657,4.6814055,0.40022558,12.873866,0.36363637,0.09096036,2.9258785,0.06367225,2.048115,20.7663059374086,304.069187329718,303.60580677757196,3.2,5.1,49.5,64.4,91.3,90.6,2.6,1.6,0.472205524809465,0.5813953488372093,62440.0,Hispanic,65.45454545454545,35.15151515151515,32.72727272727273,35.0,1.0694444444444444,0.2958579881656804,0.08284023668639043,0.053254437869822424,36.36363636363637,44.772727272727266
6,107,Soundview/Parkchester,49790,0.28600000000000003,0.635,6.1,252.0,0.247,0.08199999999999999,0.303,0.59,0.5539999999999999,0.03,42.5,3561,1440,0.0488721804511278,0.1654135338345864,0.0488721804511278,0.8834586466165414,0.0639097744360902,0.2368421052631578,0.4172932330827067,0.5451127819548872,0.1616541353383458,0.309,52.1501976284585,0.2330827067669172,0.2669172932330827,2005.0,12,0.4436090225563909,0.2857142857142857,0.0112781954887218,0.0112781954887218,24.43609022556391,0.244360902255639,0.0639097744360902,0.018796992481203,2.255639097744361,0.0225563909774436,0.0225563909774436,0.0075187969924812,185690.0,4.4471308,4,0.0215412784748774,0.8994563416034446,0.12924767,5.396738,0.032311916,1.3491845,0.14540362,6.0713305,0.010770639,0.4497282,0.0,0.0,0.14001831,5.8464665,0.032311916,1.3491845,0.010770639,0.4497282,0.6839356,28.55774,0.25849533,10.793476,0.86703646,36.203117,0.16155958,6.7459226,0.037697237,1.5740486,0.27465132,11.468069,0.016155958,0.67459226,0.016155958,0.67459226,0.021541279,0.8994564,0.0053853197,0.2248641,0.09693575,4.0475535,0.0,0.0,0.51699066,21.586952,0.40389898,16.864807,0.16155958,6.7459226,0.07000916,2.9232333,0.059238516,2.473505,0.2961926,12.367525,0.10770639,4.497282,0.37697238,15.740486,0.29080725,12.142661,0.026926598,1.1243205,0.086165115,3.5978255,0.075394474,3.1480973,0.0,0.0,0.0,0.0,0.075394474,3.1480973,0.1938715,8.095107,0.3888889,0.059238516,2.473505,0.010770639,0.4497282,2.923319091522375,262.7278304639515,262.22908079421035,7.1,11.6,83.0,90.7,99.6,100.0,2.3,2.2,1.3331005130585876,0.6944444444444444,48065.0,Hispanic,61.81818181818181,33.333333333333336,56.969696969696976,7.727272727272727,0.1356382978723404,0.2142857142857142,0.1804511278195488,0.11654135338345861,56.36363636363636,77.27272727272727
7,108,Throgs Neck/Co-op City,74080,0.319,0.11800000000000001,5.8,135.0,0.102,0.036000000000000004,0.28800000000000003,0.69,0.39899999999999997,0.255,12.2,4330,1470,0.0761421319796954,0.0,0.467005076142132,0.949238578680203,0.0050761421319796,0.0862944162436548,0.1319796954314721,0.5583756345177665,0.0761421319796954,0.2945,58.22527472527472,0.649746192893401,0.1421319796954314,1998.5,18,0.2944162436548223,0.2081218274111675,0.015228426395939,0.0050761421319796,15.228426395939088,0.1522842639593908,0.0558375634517766,0.015228426395939,2.030456852791878,0.0203045685279187,0.0203045685279187,0.015228426395939,119645.0,9.3859939,2,0.0167161185172802,0.2130834540602034,0.10029671,1.2785007,0.033432234,0.4261669,0.10865477,1.3850424,0.0083580585,0.10654172,0.0,0.0,0.25074178,3.1962519,0.016716117,0.21308345,0.041790295,0.53270864,0.71043503,9.0560465,0.17551924,2.2373762,0.81908983,10.44109,0.13372894,1.7046676,0.033432234,0.4261669,0.40954491,5.220545,0.06686447,0.8523338,0.058506414,0.7457921,0.0083580585,0.10654172,0.0,0.0,0.10029671,1.2785007,0.0083580585,0.10654172,0.44297716,5.6467113,0.45969325,5.859795,0.13372894,1.7046676,0.07522253,0.95887554,0.041790295,0.53270864,0.28417403,3.6224186,0.033432234,0.4261669,0.8023737,10.228005,0.20059343,2.5570014,0.050148357,0.63925034,0.21730953,2.7700849,0.10865477,1.3850424,0.0083580585,0.10654172,0.0,0.0,0.25909984,3.3027935,0.49312553,6.2859616,0.5254237,0.12537089,1.5981259,0.06686447,0.8523338,10.973790752184104,144.8914147786253,144.3419640089261,5.4,5.4,54.6,54.6,94.8,94.8,1.4,1.3,-0.8030379749097661,0.6802721088435374,60900.0,Hispanic,68.18181818181817,51.51515151515151,39.69696969696969,54.09090909090909,1.3625954198473287,0.467005076142132,0.055837563451776595,0.050761421319796995,60.0,40.68181818181818
8,109,Pelham Parkway,59760,0.273,0.503,4.7,147.0,0.16399999999999998,0.094,0.198,0.7,0.423,0.267,31.5,4105,1580,0.1149425287356321,0.0,0.0689655172413793,0.9597701149425288,0.0,0.1896551724137931,0.2586206896551724,0.5229885057471264,0.2356321839080459,0.332,48.298701298701296,0.2413793103448276,0.3275862068965517,2010.0,7,0.5517241379310345,0.3850574712643678,0.0114942528735632,0.0344827586206896,20.689655172413794,0.2068965517241379,0.0402298850574712,0.0057471264367816,1.7241379310344829,0.0172413793103448,0.0172413793103448,0.0,126733.0,3.8073647,5,0.0394530232851743,1.3132443025486895,0.15781209,5.252977,0.039453022,1.3132442,0.1893745,6.303572,0.01578121,0.5252977,0.0,0.0,0.18148391,6.0409236,0.007890605,0.26264885,0.01578121,0.5252977,0.7338263,24.426342,0.29984298,9.980656,1.3256216,44.125008,0.18148391,6.0409236,0.03156242,1.0505954,0.40242085,13.395091,0.05523423,1.8385419,0.047343627,1.575893,0.0,0.0,0.007890605,0.26264885,0.118359074,3.9397326,0.0,0.0,0.4734363,15.75893,0.45765504,15.233633,0.1657027,5.515626,0.06312484,2.1011908,0.047343627,1.575893,0.3708584,12.344496,0.05523423,1.8385419,1.6175739,53.843014,0.339296,11.2939005,0.039453022,1.3132442,0.20515573,6.82887,0.1657027,5.515626,0.0,0.0,0.007890605,0.26264885,0.18148391,6.0409236,0.41820204,13.920389,0.43396226,0.08679665,2.8891373,0.07101544,2.3638396,5.514705882352941,268.6289752018169,268.12614659720384,6.2,9.8,79.3,87.9,98.9,98.5,2.3,3.0,-0.14994898179610194,0.6329113924050633,57337.5,Hispanic,47.27272727272727,50.909090909090914,60.6060606060606,50.0,0.8250000000000001,0.0689655172413793,0.04022988505747116,0.04022988505747116,40.0,51.81818181818181
9,110,Williamsbridge/Baychester,73150,0.606,0.46,5.0,422.0,0.146,0.023,0.672,0.49,0.23,0.054000000000000006,22.3,3882,1720,0.1151832460732984,0.0,0.0471204188481675,0.8848167539267016,0.0523560209424083,0.3298429319371728,0.2984293193717277,0.5340314136125655,0.1832460732984293,0.378,51.72189349112426,0.1884816753926701,0.3089005235602094,2009.0,8,0.5235602094240838,0.387434554973822,0.0104712041884816,0.0261780104712041,9.424083769633508,0.094240837696335,0.031413612565445,0.0157068062827225,1.5706806282722512,0.0157068062827225,0.0157068062827225,0.0104712041884816,151305.0,6.743432899999999,3,0.0198275007435312,0.4448772671853827,0.092528336,2.0760937,0.006609167,0.1482924,0.1387925,3.1141405,0.0,0.0,0.0,0.0,0.2181025,4.8936496,0.019827502,0.44487724,0.013218334,0.2965848,1.3747067,30.844822,0.24453917,5.4868193,1.4341893,32.179455,0.19166584,4.30048,0.013218334,0.2965848,0.48246917,10.825346,0.046264168,1.0380468,0.052873336,1.1863393,0.013218334,0.2965848,0.0,0.0,0.15201083,3.4107254,0.006609167,0.1482924,0.6146525,13.791194,0.3767225,8.452667,0.11896501,2.6692634,0.07931001,1.779509,0.046264168,1.0380468,0.2841942,6.3765736,0.033045836,0.74146205,0.4163775,9.342422,0.21149334,4.745357,0.033045836,0.74146205,0.059482504,1.3346317,0.07931001,1.779509,0.0,0.0,0.0,0.0,0.17183834,3.8556027,0.2577575,5.783404,0.6666667,0.072700836,1.6312165,0.092528336,2.0760937,6.970191309506154,319.5599254035026,319.08436803151426,9.2,12.5,73.7,78.5,99.8,99.7,3.5,2.2,1.1402768940680026,0.5813953488372093,61257.5,Black,52.72727272727272,72.12121212121212,45.15151515151515,38.18181818181818,0.8456375838926175,0.0471204188481675,0.16753926701570673,0.11518324607329844,72.72727272727273,80.45454545454545
10,201,Williamsburg/Greenpoint,95350,0.0,0.157,7.7,81.0,0.233,0.07,0.036000000000000004,0.53,0.21600000000000003,0.645,36.8,4707,2440,0.0856164383561643,0.1095890410958904,0.0445205479452054,0.8972602739726028,0.0308219178082191,0.1301369863013698,0.1643835616438356,0.5958904109589042,0.0890410958904109,0.2745,43.7940074906367,0.1404109589041096,0.136986301369863,2012.0,5,0.613013698630137,0.4657534246575342,0.023972602739726,0.0308219178082191,28.767123287671232,0.2876712328767123,0.1917808219178082,0.0787671232876712,10.616438356164384,0.1061643835616438,0.1061643835616438,0.0616438356164383,162743.0,4.1068989,2,0.0122893150550254,0.4869854478278002,0.30723286,12.174635,0.06759123,2.6784198,0.1597611,6.33081,0.02457863,0.97397083,0.0,0.0,0.5222959,20.69688,0.04915726,1.9479417,0.030723287,1.2174635,2.3042467,91.30976,0.1720504,6.8177958,1.2780888,50.64648,0.2457863,9.739708,0.012289315,0.48698542,0.51000655,20.209894,0.09831452,3.8958833,0.030723287,1.2174635,0.012289315,0.48698542,0.0,0.0,0.1720504,6.8177958,0.0061446577,0.24349271,0.33795616,13.392098,1.7696613,70.1259,0.3748241,14.853055,0.44241533,17.531475,0.11060383,4.382869,0.8233841,32.62802,0.2703649,10.713679,0.7373589,29.219124,0.39940274,15.827025,0.018433973,0.7304781,0.17819507,7.0612884,0.3195222,12.66162,0.0,0.0,0.0061446577,0.24349271,0.3010882,11.931143,0.7803715,30.923573,0.38582677,0.5038619,19.966402,0.27650958,10.957171,67.98245614035088,201.37903715291668,200.73760423963176,3.0,4.5,21.4,15.2,46.1,47.0,2.3,2.7,-0.215092691628342,0.4098360655737705,81677.5,White,1.8181818181818181,41.81818181818182,66.36363636363636,87.27272727272727,1.3150684931506849,0.1541095890410958,0.13356164383561633,0.10273972602739723,47.27272727272727,55.0
11,202,Brooklyn Heights/Fort Greene,115210,0.0,0.121,6.1,79.0,0.149,0.09,0.258,0.68,0.149,0.47200000000000003,43.5,4389,2340,0.1161971830985915,0.1830985915492957,0.1619718309859155,0.9190140845070424,0.0422535211267605,0.1161971830985915,0.1654929577464788,0.6197183098591549,0.0669014084507042,0.249,47.135458167330675,0.3450704225352112,0.1514084507042253,2010.0,7,0.5563380281690141,0.3732394366197183,0.0070422535211267,0.0387323943661971,23.943661971830984,0.2394366197183098,0.1126760563380281,0.056338028169014,4.225352112676056,0.0422535211267605,0.0422535211267605,0.0316901408450704,142235.0,3.1076598,1,0.0070306183428832,0.3217855442220542,0.32340845,14.8021345,0.042183712,1.9307133,0.06327556,2.8960698,0.0,0.0,0.0,0.0,0.7593068,34.75284,0.09139804,4.1832123,0.021091856,0.96535665,1.1389601,52.129257,0.1546736,7.079282,1.2725419,58.243183,0.16170423,7.4010673,0.10545927,4.826783,1.1178683,51.163902,0.07030618,3.2178555,0.0773368,3.539641,0.03515309,1.6089277,0.0070306184,0.32178554,0.40074524,18.341776,0.014061237,0.6435711,0.6749394,30.891413,1.5045524,68.86211,0.29528597,13.514993,0.21091855,9.653566,0.084367424,3.8614266,0.89288855,40.866764,0.18279608,8.366425,1.8209301,83.34245,0.3515309,16.089277,0.03515309,1.6089277,0.3093472,14.158564,0.29528597,13.514993,0.0,0.0,0.0,0.0,0.28825533,13.193207,0.8014905,36.68355,0.35964912,0.58354133,26.7082,0.23904102,10.940708,92.37206308336016,375.0822043721478,374.3673495945721,4.9,3.6,17.3,13.9,42.2,47.4,2.5,3.9,-0.10551680562148635,0.42735042735042733,100637.5,White,72.72727272727273,92.12121212121212,50.6060606060606,85.90909090909089,1.6976047904191616,0.3450704225352112,0.12323943661971815,0.08098591549295764,81.81818181818183,40.90909090909091
12,203,Bedford Stuyvesant,64610,0.023,0.591,6.8,284.0,0.244,0.027000000000000003,0.488,0.65,0.19399999999999998,0.266,61.8,3495,1510,0.1229508196721311,0.040983606557377,0.0122950819672131,0.8934426229508197,0.0163934426229508,0.3155737704918033,0.2704918032786885,0.5901639344262295,0.1434426229508196,0.292,46.401869158878505,0.1721311475409836,0.1762295081967213,2011.0,6,0.5778688524590164,0.4262295081967213,0.0286885245901639,0.0450819672131147,28.688524590163933,0.2868852459016393,0.1721311475409836,0.0737704918032786,5.327868852459016,0.0532786885245901,0.0532786885245901,0.0163934426229508,149313.0,2.2969624,7,0.0468813834026508,3.047503084943837,0.1808282,11.754656,0.020092022,1.3060728,0.11385479,7.401079,0.0066973404,0.4353576,0.0,0.0,0.38844573,25.250742,0.06027606,3.9182184,0.013394681,0.8707152,1.7547033,114.06369,0.20761757,13.496086,1.0313904,67.045074,0.17413086,11.319298,0.033486705,2.176788,0.6429447,41.79433,0.040184043,2.6121457,0.073670745,4.7889338,0.026789362,1.7414304,0.0,0.0,0.18752554,12.190013,0.0,0.0,0.60945797,39.617542,0.73670745,47.889336,0.11385479,7.401079,0.13394682,8.707152,0.06027606,3.9182184,0.3616564,23.509312,0.046881385,3.0475032,0.28798562,18.720377,0.18752554,12.190013,0.0066973404,0.4353576,0.033486705,2.176788,0.12724946,8.271794,0.0,0.0,0.0,0.0,0.16073617,10.448583,0.36835372,23.944668,0.43636364,0.11385479,7.401079,0.11385479,7.401079,100.08703220191472,289.11815514608276,288.6774068225044,8.6,9.8,44.0,36.0,86.4,90.8,5.4,3.7,0.5280396590038888,0.6622516556291391,74726.0,Black,7.2727272727272725,81.21212121212122,43.030303030303024,52.272727272727266,1.2147887323943662,0.0532786885245901,0.12295081967213113,0.10655737704918034,89.0909090909091,67.72727272727273
13,204,Bushwick,63050,0.052000000000000005,0.9740000000000001,7.0,174.0,0.271,0.055999999999999994,0.17,0.63,0.539,0.215,55.4,5787,1790,0.1111111111111111,0.0,0.0,0.9545454545454546,0.0151515151515151,0.2525252525252525,0.2676767676767677,0.5151515151515151,0.1565656565656565,0.291,47.89204545454545,0.0959595959595959,0.2929292929292929,2008.0,9,0.4898989898989899,0.3181818181818182,0.0151515151515151,0.0505050505050505,25.75757575757576,0.2575757575757575,0.1313131313131313,0.0505050505050505,6.0606060606060606,0.0606060606060606,0.0606060606060606,0.0202020202020202,129193.0,2.5298816,9,0.0696632170473632,3.557478737344862,0.22447036,11.462985,0.046442147,2.3716521,0.16254751,8.300782,0.023221074,1.1858261,0.0,0.0,0.17802821,9.091333,0.0077403574,0.39527535,0.015480715,0.7905507,1.0449482,53.362175,0.2709125,13.834638,0.9443236,48.223595,0.29413357,15.020464,0.03096143,1.5811014,0.44120038,22.530695,0.10062464,5.13858,0.046442147,2.3716521,0.0077403574,0.39527535,0.0,0.0,0.10836501,5.533855,0.0,0.0,0.4721618,24.111797,0.8282182,42.294464,0.26317215,13.439363,0.17028786,8.696058,0.10836501,5.533855,0.5031232,25.692898,0.17028786,8.696058,0.7198533,36.76061,0.31735465,16.20629,0.0077403574,0.39527535,0.046442147,2.3716521,0.08514393,4.348029,0.0,0.0,0.0,0.0,0.17028786,8.696058,0.31735465,16.20629,0.5365854,0.3096143,15.811014,0.13158607,6.7196813,77.92721518987342,228.57968092815793,228.04382690135012,5.5,5.4,41.8,33.7,80.8,82.2,3.7,3.3,0.2911354475928974,0.5586592178770949,68457.5,Hispanic,29.09090909090909,56.36363636363637,73.03030303030305,57.27272727272728,0.7842323651452282,0.0,0.06060606060606051,0.045454545454545414,54.54545454545454,57.72727272727272
14,205,East New York/Starrett City,45790,0.479,0.585,5.7,512.0,0.247,0.038,0.528,0.57,0.382,0.039,29.1,3363,1520,0.0689655172413793,0.0153256704980842,0.003831417624521,0.8888888888888888,0.0191570881226053,0.1992337164750957,0.2758620689655172,0.6168582375478927,0.1417624521072797,0.339,51.45679012345679,0.2490421455938697,0.4099616858237548,2004.0,13,0.3984674329501915,0.2375478927203065,0.0229885057471264,0.0268199233716475,29.11877394636015,0.2911877394636015,0.0344827586206896,0.0153256704980842,0.7662835249042145,0.0076628352490421,0.0076628352490421,0.0076628352490421,161273.0,5.9059301,2,0.0124013319030463,0.338642680515301,0.14261532,3.8943908,0.024802664,0.6772854,0.14261532,3.8943908,0.006200666,0.16932134,0.0,0.0,0.14261532,3.8943908,0.031003328,0.84660673,0.006200666,0.16932134,1.0603139,28.953949,0.28523064,7.7887816,0.89289594,24.382273,0.23562531,6.434211,0.018601997,0.507964,0.42784595,11.683172,0.062006656,1.6932135,0.031003328,0.84660673,0.006200666,0.16932134,0.006200666,0.16932134,0.14261532,3.8943908,0.012401332,0.3386427,0.6324679,17.270777,0.49605325,13.545708,0.14261532,3.8943908,0.07440799,2.031856,0.037203994,1.015928,0.35343796,9.651317,0.062006656,1.6932135,0.24802662,6.772854,0.24802662,6.772854,0.024802664,0.6772854,0.07440799,2.031856,0.055805996,1.523892,0.006200666,0.16932134,0.0,0.0,0.08680933,2.370499,0.16121732,4.4023547,0.53846157,0.024802664,0.6772854,0.062006656,1.6932135,57.71834800270819,388.0805476049949,387.6799509989658,12.7,21.3,83.7,87.4,99.5,100.0,5.1,3.6,0.18979476113500524,0.6578947368421052,77652.0,Black,87.27272727272727,59.3939393939394,45.15151515151515,11.363636363636363,0.2516778523489933,0.0191570881226052,0.13026819923371646,0.11111111111111116,83.63636363636363,82.95454545454545
15,206,Park Slope/Carroll Gardens,167780,0.001,0.023,4.9,31.0,0.078,0.07200000000000001,0.061,0.55,0.172,0.639,29.1,4279,2780,0.1168831168831168,0.0735930735930736,0.1948051948051948,0.948051948051948,0.0303030303030303,0.1385281385281385,0.1818181818181818,0.6233766233766234,0.0779220779220779,0.2505,49.23529411764706,0.3679653679653679,0.1212121212121212,2010.0,7,0.5497835497835498,0.3982683982683982,0.0216450216450216,0.0216450216450216,18.614718614718615,0.1861471861471861,0.1038961038961039,0.0303030303030303,3.463203463203463,0.0346320346320346,0.0346320346320346,0.0216450216450216,117784.0,4.0036325,1,0.0084901175032262,0.2497731747356931,0.30564424,8.991835,0.08490118,2.4977317,0.12735176,3.7465975,0.03396047,0.9990927,0.0,0.0,0.59430826,17.484121,0.04245059,1.2488658,0.025470352,0.7493195,0.9084426,26.725729,0.118861645,3.4968245,1.298988,38.215294,0.29715413,8.742061,0.08490118,2.4977317,0.7386402,21.730267,0.050940704,1.498639,0.050940704,1.498639,0.008490117,0.24977317,0.0,0.0,0.41601577,12.238886,0.0,0.0,0.6622291,19.482307,1.0018338,29.473234,0.27168375,7.9927416,0.2462134,7.243422,0.14433199,4.246144,0.7386402,21.730267,0.1867826,5.49501,1.9781973,58.197147,0.22074305,6.4941025,0.025470352,0.7493195,0.25470352,7.493195,0.4414861,12.988205,0.008490117,0.24977317,0.016980235,0.49954635,0.1867826,5.49501,0.8829722,25.97641,0.21153846,0.7386402,21.730267,0.29715413,8.742061,46.964776417686735,180.0428864053323,178.88509947029,2.7,2.2,10.2,14.8,45.0,60.3,2.3,5.3,-0.1423992731548456,0.3597122302158273,81067.5,White,27.27272727272727,81.2121212121212,66.66666666666667,85.45454545454545,1.2818181818181817,0.2683982683982684,0.08225108225108227,0.051948051948051965,21.818181818181817,19.09090909090909
16,207,Sunset Park,70680,0.0,0.395,6.3,63.0,0.221,0.327,0.024,0.68,0.39899999999999997,0.22699999999999998,36.0,5746,1790,0.1510416666666666,0.0208333333333333,0.0416666666666666,0.921875,0.015625,0.1041666666666666,0.2395833333333333,0.4791666666666667,0.1302083333333333,0.311,48.22085889570552,0.2604166666666667,0.3489583333333333,2010.0,7,0.4895833333333333,0.375,0.015625,0.0520833333333333,23.958333333333336,0.2395833333333333,0.078125,0.0208333333333333,3.125,0.03125,0.03125,0.0104166666666666,140195.0,4.1591452,2,0.0142658440029958,0.4808680399039687,0.17119013,5.7704163,0.03566461,1.20217,0.17119013,5.7704163,0.014265844,0.480868,0.0,0.0,0.1640572,5.529982,0.028531687,0.961736,0.049930453,1.6830381,0.8630836,29.092516,0.1640572,5.529982,1.1769321,39.67161,0.3851778,12.983437,0.021398766,0.72130203,0.39944363,13.464305,0.064196296,2.163906,0.021398766,0.72130203,0.0,0.0,0.0,0.0,0.11412675,3.846944,0.014265844,0.480868,0.5064374,17.070814,1.1412675,38.46944,0.4208424,14.185607,0.121259674,4.087378,0.10699383,3.6065102,0.4850387,16.349512,0.07132922,2.40434,1.0200078,34.382065,0.51357037,17.311249,0.021398766,0.72130203,0.17832306,6.0108504,0.17119013,5.7704163,0.0,0.0,0.0,0.0,0.11412675,3.846944,0.40657654,13.704739,0.28070176,0.21398766,7.2130203,0.13552552,4.5682464,46.164943496032706,272.340226014026,271.8419569055579,5.1,5.5,60.9,59.5,91.7,93.0,2.4,3.3,-0.28416080065874016,0.5586592178770949,103240.0,Hispanic,38.18181818181819,39.3939393939394,68.7878787878788,55.90909090909091,0.8127753303964756,0.0624999999999999,0.09375,0.078125,67.27272727272727,55.45454545454545
17,208,North Crown Heights/Prospect Heights,74810,0.032,0.371,6.8,203.0,0.2,0.055999999999999994,0.557,0.61,0.11699999999999999,0.24100000000000002,63.8,3717,1550,0.1739130434782608,0.0478260869565217,0.0217391304347826,0.8869565217391304,0.0260869565217391,0.2217391304347826,0.2565217391304348,0.5217391304347826,0.1217391304347826,0.2795,46.76842105263158,0.1304347826086956,0.1521739130434782,2010.0,7,0.5173913043478261,0.3478260869565217,0.0260869565217391,0.0826086956521739,25.65217391304348,0.2565217391304348,0.1130434782608695,0.0434782608695652,6.086956521739131,0.0608695652173913,0.0608695652173913,0.0347826086956521,134083.0,2.2232201,4,0.0298322680727609,1.799192081791632,0.22374201,13.493939,0.059664536,3.5983837,0.09695487,5.8473735,0.007458067,0.44979796,0.0,0.0,0.38781947,23.389494,0.052206468,3.1485858,0.022374202,1.349394,1.7675619,106.60212,0.15661941,9.445757,1.4319489,86.36121,0.20882587,12.594343,0.08203874,4.9477777,0.79801315,48.128384,0.044748403,2.698788,0.052206468,3.1485858,0.044748403,2.698788,0.0,0.0,0.25357428,15.293131,0.007458067,0.44979796,0.671226,40.48182,0.79055506,47.678585,0.14170328,8.546162,0.16407748,9.8955555,0.08203874,4.9477777,0.61901957,37.333233,0.059664536,3.5983837,0.663768,40.03202,0.3206969,19.341312,0.007458067,0.44979796,0.111871004,6.7469697,0.25357428,15.293131,0.0,0.0,0.007458067,0.44979796,0.23865815,14.393535,0.5668131,34.184647,0.42105263,0.28340656,17.092323,0.17153555,10.345353,95.4095409540954,320.8787262275448,320.10055043697196,4.9,5.5,38.5,33.0,79.7,78.0,4.5,3.2,0.30124604579391373,0.6451612903225806,87276.0,Black,18.181818181818183,83.63636363636364,47.27272727272727,79.54545454545455,1.6826923076923077,0.06956521739130431,0.13913043478260867,0.11304347826086958,100.0,63.63636363636363
18,209,South Crown Heights,63570,0.046,0.636,5.3,131.0,0.191,0.018000000000000002,0.602,0.56,0.098,0.255,66.3,3842,1590,0.0959595959595959,0.0202020202020202,0.0151515151515151,0.8585858585858586,0.106060606060606,0.2979797979797979,0.308080808080808,0.5202020202020202,0.1313131313131313,0.29,50.312849162011176,0.0959595959595959,0.3636363636363636,2004.0,13,0.3939393939393939,0.2929292929292929,0.0101010101010101,0.0353535353535353,22.727272727272727,0.2272727272727272,0.0707070707070707,0.0303030303030303,2.0202020202020203,0.0202020202020202,0.0202020202020202,0.0101010101010101,107532.0,1.7082256,2,0.0185991146821411,1.170805542312444,0.15809247,9.951847,0.027898671,1.7562083,0.09299557,5.8540277,0.0,0.0,0.0,0.0,0.39988095,25.17232,0.018599113,1.1708056,0.0,0.0,2.0366032,128.2032,0.23248893,14.635069,1.5623256,98.347664,0.2603876,16.391277,0.074396454,4.6832223,0.7625637,48.00303,0.027898671,1.7562083,0.0650969,4.0978193,0.018599113,1.1708056,0.0,0.0,0.2603876,16.391277,0.0,0.0,0.57657254,36.29497,0.62307036,39.221985,0.14879291,9.366445,0.111594684,7.024833,0.10229513,6.43943,0.3905814,24.586916,0.046497785,2.9270139,0.71606594,45.07601,0.3254845,20.489098,0.018599113,1.1708056,0.055797342,3.5124166,0.15809247,9.951847,0.0,0.0,0.009299557,0.5854028,0.13949336,8.781041,0.3440836,21.659903,0.4054054,0.10229513,6.43943,0.055797342,3.5124166,77.37397420867526,278.10270811328934,277.661565522772,7.8,7.1,49.2,50.8,91.7,91.8,3.6,2.7,1.7811930462905703,0.6289308176100629,101336.66666666667,Black,85.45454545454545,80.60606060606061,50.909090909090914,38.63636363636363,0.7589285714285713,0.035353535353535304,0.24747474747474743,0.14141414141414144,90.9090909090909,65.9090909090909
19,210,Bay Ridge,85480,0.002,0.113,5.1,56.0,0.152,0.282,0.031,0.64,0.158,0.509,32.1,5627,1800,0.0458333333333333,0.0125,0.0791666666666666,0.9166666666666666,0.05,0.0833333333333333,0.1833333333333333,0.5625,0.125,0.268,51.85589519650655,0.3333333333333333,0.3,2008.0,9,0.5291666666666667,0.3583333333333333,0.0166666666666666,0.0208333333333333,20.833333333333336,0.2083333333333333,0.0666666666666666,0.0166666666666666,0.8333333333333334,0.0083333333333333,0.0083333333333333,0.0083333333333333,122743.0,3.8840093,0,0.0,0.0,0.13850076,4.37692,0.09776525,3.0895908,0.22811891,7.2090454,0.04073552,1.2873296,0.0,0.0,0.23626602,7.4665112,0.03258842,1.0298636,0.057029728,1.8022614,0.65991545,20.854738,0.1873834,5.9217157,1.7027447,53.810375,0.36661968,11.585966,0.073323935,2.3171933,0.46438494,14.675557,0.08147104,2.574659,0.03258842,1.0298636,0.0,0.0,0.0,0.0,0.17108919,5.406784,0.0,0.0,0.3992081,12.615829,0.73323935,23.171932,0.2036776,6.436648,0.08147104,2.574659,0.057029728,1.8022614,0.44809073,14.160625,0.13035367,4.1194544,2.7781625,87.795876,0.4073552,12.873296,0.024441313,0.7723977,0.32588416,10.298636,0.1792363,5.66425,0.0,0.0,0.0,0.0,0.1873834,5.9217157,0.48067915,15.190489,0.3898305,0.17108919,5.406784,0.08961815,2.832125,68.50373422611383,185.3147914491314,184.7759897692406,3.1,1.9,62.6,64.1,98.4,96.7,5.4,5.0,-0.05957565936389294,0.5555555555555556,64573.333333333336,White,40.0,47.878787878787875,61.21212121212122,64.0909090909091,1.047029702970297,0.09166666666666659,0.13333333333333336,0.08333333333333337,27.27272727272727,41.81818181818182
20,211,Bensonhurst,66580,0.005,0.5820000000000001,4.9,66.0,0.17300000000000001,0.389,0.018000000000000002,0.66,0.155,0.40399999999999997,55.7,4398,1700,0.0745341614906832,0.0248447204968944,0.0124223602484472,0.9130434782608696,0.046583850931677,0.0652173913043478,0.1459627329192546,0.6490683229813664,0.0962732919254658,0.2635,50.85906040268456,0.2888198757763975,0.5590062111801242,2008.0,9,0.5,0.3447204968944099,0.0093167701863354,0.0124223602484472,25.15527950310559,0.2515527950310559,0.0900621118012422,0.0248447204968944,3.7267080745341614,0.0372670807453416,0.0372670807453416,0.0124223602484472,189058.0,3.7049731,4,0.0211575283775349,1.0796299708626764,0.1481027,7.5574102,0.07405135,3.7787051,0.17983899,9.176855,0.037025675,1.8893526,0.0,0.0,0.17983899,9.176855,0.010578764,0.539815,0.0,0.0,0.42315057,21.5926,0.17454961,8.906947,1.2747412,65.04771,0.3279417,16.734264,0.042315055,2.15926,0.31736293,16.19445,0.06876197,3.5087974,0.010578764,0.539815,0.015868146,0.8097225,0.0,0.0,0.111077026,5.6680574,0.0,0.0,0.34909922,17.813894,0.608279,31.039362,0.2697585,13.765283,0.037025675,1.8893526,0.06876197,3.5087974,0.42315057,21.5926,0.031736292,1.619445,1.1054808,56.410667,0.44959748,22.942137,0.015868146,0.8097225,0.22744344,11.606023,0.13223454,6.7476873,0.0,0.0,0.005289382,0.2699075,0.13752393,7.017595,0.36496735,18.623617,0.3768116,0.08991949,4.5884275,0.05289382,2.699075,53.142702994335046,144.84254802856648,144.22830471971366,4.6,6.1,76.6,82.0,98.6,99.3,2.3,2.2,-0.27650145508712753,0.588235294117647,65787.5,White,58.18181818181818,15.15151515151515,55.45454545454546,33.63636363636364,0.6065573770491803,0.0372670807453416,0.13354037267080737,0.08695652173913038,38.18181818181819,45.45454545454546
21,212,Borough Park,56460,0.003,0.767,5.8,212.0,0.308,0.157,0.018000000000000002,0.49,0.12,0.6890000000000001,46.6,5150,1770,0.0818181818181818,0.0636363636363636,0.05,0.9636363636363636,0.0181818181818181,0.1409090909090909,0.2136363636363636,0.5181818181818182,0.1181818181818181,0.325,49.43069306930693,0.3090909090909091,0.3681818181818181,2005.0,12,0.4318181818181818,0.2545454545454545,0.0,0.0227272727272727,30.909090909090907,0.3090909090909091,0.0545454545454545,0.0136363636363636,1.3636363636363635,0.0136363636363636,0.0136363636363636,0.0045454545454545,154796.0,3.1451778,0,0.0,0.0,0.14858265,7.3127813,0.051680923,2.5435762,0.13566242,6.6768875,0.012920231,0.63589406,0.0,0.0,0.8656554,42.6049,0.0064601153,0.31794703,0.012920231,0.63589406,4.806326,236.55258,0.12274219,6.040993,0.8010543,39.42543,0.16150287,7.9486756,0.038760692,1.9076822,0.56203,27.66139,0.032300577,1.5897352,0.012920231,0.63589406,0.0064601153,0.31794703,0.0,0.0,0.22610404,11.128146,0.0,0.0,0.4586682,22.574238,1.5052068,74.08166,0.40052715,19.712715,0.045220807,2.225629,0.10982196,5.4050994,0.81397456,40.061325,0.06460115,3.1794703,1.7119305,84.25596,0.3423861,16.851192,0.025840461,1.2717881,0.18088323,8.902516,0.14858265,7.3127813,0.0064601153,0.31794703,0.0,0.0,0.103361845,5.0871525,0.31008554,15.261457,0.33333334,0.077521384,3.8153644,0.09690173,4.769205,56.244041944709245,183.7948384781221,183.12980378909364,2.7,4.8,59.9,69.2,93.2,97.6,2.6,2.9,-0.20293028599149035,0.5649717514124294,73297.5,White,98.18181818181819,44.24242424242424,46.96969696969697,35.45454545454545,0.7548387096774194,0.1136363636363636,0.05454545454545448,0.036363636363636376,14.545454545454545,65.9090909090909
22,213,Coney Island,44950,0.017,0.40299999999999997,8.2,97.0,0.248,0.111,0.125,0.63,0.187,0.5539999999999999,35.5,3758,1270,0.0837004405286343,0.0748898678414096,0.198237885462555,0.947136563876652,0.0044052863436123,0.0837004405286343,0.1541850220264317,0.5682819383259912,0.1277533039647577,0.3335,59.25480769230769,0.2951541850220264,0.4317180616740088,2005.0,12,0.3876651982378855,0.2775330396475771,0.0088105726872246,0.0044052863436123,34.36123348017621,0.3436123348017621,0.092511013215859,0.0352422907488986,2.2026431718061676,0.0220264317180616,0.0220264317180616,0.0044052863436123,113480.0,3.4029671,0,0.0,0.0,0.17624252,5.8772244,0.04406063,1.4693061,0.09693338,3.2324734,0.026436377,0.88158363,0.0,0.0,0.16743037,5.583363,0.04406063,1.4693061,0.026436377,0.88158363,0.60803664,20.276424,0.10574551,3.5263345,0.82833976,27.622953,0.13218188,4.407918,0.026436377,0.88158363,0.43179414,14.3991995,0.08812126,2.9386122,0.0,0.0,0.0,0.0,0.0,0.0,0.18505464,6.1710854,0.008812125,0.2938612,0.41416988,13.811477,0.6520973,21.74573,0.22030313,7.3465304,0.052872755,1.7631673,0.0352485,1.1754448,0.39654565,13.223755,0.10574551,3.5263345,1.5685583,52.307297,0.61684877,20.570284,0.0352485,1.1754448,0.15861826,5.2895017,0.16743037,5.583363,0.008812125,0.2938612,0.026436377,0.88158363,0.13218188,4.407918,0.38773352,12.9298935,0.3409091,0.140994,4.7017794,0.04406063,1.4693061,57.596238612988536,163.74727869324198,163.2021276440621,12.6,5.4,73.4,54.6,97.5,94.8,1.9,1.7,-0.7552363466617972,0.7874015748031495,71420.0,White,79.0909090909091,28.787878787878785,34.54545454545455,40.0,1.1578947368421053,0.2731277533039646,0.057268722466960284,0.052863436123347984,80.0,60.68181818181819
23,214,Flatbush,70450,0.009000000000000001,0.395,5.6,104.0,0.168,0.08800000000000001,0.289,0.69,0.15,0.442,51.8,4336,1740,0.0807017543859649,0.0385964912280701,0.1157894736842105,0.9614035087719298,0.0035087719298245,0.1473684210526315,0.2105263157894736,0.5157894736842106,0.1508771929824561,0.314,48.62977099236641,0.2105263157894736,0.3719298245614035,2007.5,9,0.4912280701754385,0.3649122807017544,0.0070175438596491,0.0245614035087719,21.75438596491228,0.2175438596491228,0.087719298245614,0.031578947368421,2.807017543859649,0.0280701754385964,0.0280701754385964,0.0105263157894736,157511.0,2.9071806,4,0.0253950517741618,1.375903512839897,0.1015802,5.503614,0.0063487627,0.34397587,0.120626494,6.535542,0.0063487627,0.34397587,0.0,0.0,0.4444134,24.078312,0.044441342,2.4078312,0.0063487627,0.34397587,1.4411691,78.08253,0.13332403,7.2234936,1.0094533,54.692165,0.15871908,8.599397,0.044441342,2.4078312,0.56503993,30.613853,0.07618515,4.127711,0.031743813,1.7198794,0.0063487627,0.34397587,0.0,0.0,0.19681166,10.663253,0.0,0.0,0.4444134,24.078312,0.9967558,54.004215,0.19046289,10.319277,0.088882685,4.8156624,0.06983639,3.7837348,0.46980846,25.454216,0.057138868,3.095783,1.2507063,67.76325,0.43171588,23.39036,0.0063487627,0.34397587,0.18411411,9.975301,0.114277735,6.191566,0.0,0.0,0.0,0.0,0.1015802,5.503614,0.26664805,14.446987,0.3809524,0.08253392,4.4716864,0.06348763,3.4397588,72.21458046767538,219.01467272362316,218.512700554551,3.0,6.6,44.7,60.5,96.8,96.4,2.2,2.1,-0.38698719941455856,0.5747126436781609,72385.0,White,63.63636363636363,55.15151515151515,41.51515151515151,27.272727272727273,0.6569343065693432,0.1543859649122806,0.04210526315789469,0.038596491228070184,34.54545454545455,48.63636363636363
24,215,Sheepshead Bay/Gravesend,76260,0.023,0.254,5.3,157.0,0.14,0.20800000000000002,0.052000000000000005,0.54,0.08,0.637,39.5,5087,1730,0.057347670250896,0.028673835125448,0.1111111111111111,0.96415770609319,0.007168458781362,0.064516129032258,0.1720430107526881,0.5949820788530465,0.1254480286738351,0.313,54.832699619771866,0.3978494623655914,0.4731182795698925,2003.0,14,0.3906810035842294,0.2652329749103942,0.010752688172043,0.014336917562724,27.956989247311824,0.2795698924731182,0.089605734767025,0.021505376344086,4.659498207885305,0.046594982078853,0.046594982078853,0.014336917562724,151100.0,4.3377455,2,0.0132362673726009,0.4610690046246374,0.22501653,7.838174,0.10589014,3.6885524,0.1588352,5.5328283,0.0397088,1.3832071,0.0,0.0,0.26472536,9.221381,0.0198544,0.69160354,0.0066181337,0.23053452,0.7743217,26.972538,0.1389808,4.8412247,1.4228988,49.564922,0.25810722,8.990847,0.099272005,3.4580178,0.4698875,16.36795,0.086035736,2.9969487,0.0,0.0,0.0,0.0,0.0,0.0,0.16545334,5.763363,0.0198544,0.69160354,0.45665124,15.906881,1.2442092,43.34049,0.34414294,11.987795,0.0794176,2.7664142,0.0397088,1.3832071,0.5228326,18.212227,0.05294507,1.8442762,2.5347452,88.29472,0.58239573,20.287037,0.03309067,1.1526726,0.30443415,10.604588,0.1588352,5.5328283,0.0,0.0,0.0,0.0,0.1389808,4.8412247,0.41032428,14.29314,0.33870968,0.086035736,2.9969487,0.07279947,2.5358796,71.51095732410612,135.22369632329884,134.43063443311308,0.8,6.5,58.0,74.4,93.3,95.2,2.7,4.7,-0.7300236098120382,0.5780346820809249,66768.0,White,92.72727272727272,33.63636363636363,50.909090909090914,41.36363636363636,0.8124999999999999,0.1397849462365591,0.04301075268817204,0.03584229390681004,12.727272727272727,48.63636363636364
25,216,Brownsville/Ocean Hill,25210,0.42100000000000004,0.955,9.7,319.0,0.39899999999999997,0.019,0.713,0.45,0.198,0.043,43.0,3262,1100,0.0846560846560846,0.0052910052910052,0.0052910052910052,0.9682539682539684,0.0,0.3544973544973545,0.4232804232804232,0.5502645502645502,0.201058201058201,0.302,49.50867052023121,0.1269841269841269,0.2592592592592592,2008.0,9,0.5291005291005291,0.3333333333333333,0.0317460317460317,0.037037037037037,43.386243386243386,0.4338624338624338,0.1375661375661375,0.0634920634920634,2.6455026455026456,0.0264550264550264,0.0264550264550264,0.0052910052910052,116334.0,2.5895888,9,0.0773634535045644,3.475455253745305,0.120343156,5.406264,0.034383755,1.5446469,0.17191878,7.723234,0.0,0.0,0.0,0.0,0.24928226,11.198689,0.06876751,3.0892937,0.008595939,0.3861617,1.839531,82.63861,0.15472691,6.950911,1.0830884,48.656376,0.22349443,10.040205,0.060171578,2.703132,0.6704833,30.120613,0.08595939,3.861617,0.060171578,2.703132,0.025787817,1.1584852,0.0,0.0,0.18911067,8.495558,0.008595939,0.3861617,0.7908264,35.52688,0.67907923,30.506775,0.15472691,6.950911,0.10315127,4.6339407,0.025787817,1.1584852,0.40400916,18.149601,0.025787817,1.1584852,0.3954132,17.76344,0.41260508,18.535763,0.017191878,0.7723234,0.042979695,1.9308085,0.12893909,5.7924256,0.0,0.0,0.0,0.0,0.14613098,6.5647492,0.30085787,13.51566,0.4857143,0.060171578,2.703132,0.08595939,3.861617,88.7688151292937,259.2501853092584,258.80126393341135,27.3,5.4,83.7,54.6,99.4,94.8,4.9,2.5,0.8900073614537023,0.9090909090909091,61936.0,Black,32.72727272727273,86.66666666666667,46.66666666666666,37.72727272727273,0.8084415584415586,0.0105820105820104,0.03174603174603163,0.03174603174603163,85.45454545454545,60.68181818181819
26,217,East Flatbush,61420,0.355,0.45299999999999996,5.2,413.0,0.13699999999999998,0.021,0.871,0.24,0.062,0.027000000000000003,45.5,4761,1600,0.1,0.0208333333333333,0.0083333333333333,0.9458333333333332,0.0208333333333333,0.2833333333333333,0.3125,0.475,0.1708333333333333,0.3375,53.8287037037037,0.2208333333333333,0.4458333333333333,2006.0,11,0.4458333333333333,0.2958333333333333,0.0208333333333333,0.025,18.333333333333332,0.1833333333333333,0.0458333333333333,0.0166666666666666,1.25,0.0125,0.0125,0.0041666666666666,134970.0,3.0794384,6,0.0444543231829295,1.948407216069008,0.17781729,7.79363,0.014818108,0.64946914,0.08149959,3.5720804,0.0,0.0,0.0,0.0,0.24449877,10.716241,0.014818108,0.64946914,0.02222716,0.97420377,1.5707194,68.843735,0.25190783,11.040976,1.6299918,71.441605,0.21486257,9.417303,0.06668148,2.9226112,0.47417945,20.783012,0.05927243,2.5978765,0.03704527,1.623673,0.014818108,0.64946914,0.02222716,0.97420377,0.16299918,7.1441607,0.0,0.0,0.8964955,39.292885,0.62976956,27.60244,0.17040823,7.4688954,0.11854486,5.195753,0.08890864,3.896815,0.4667704,20.458279,0.07409054,3.247346,0.77795064,34.09713,0.29636216,12.989384,0.007409054,0.32473457,0.08890864,3.896815,0.0963177,4.2215495,0.0,0.0,0.0,0.0,0.13336296,5.8452225,0.274135,12.01518,0.4864865,0.05186338,2.273142,0.014818108,0.64946914,67.51054852320675,163.1690890422375,162.60973260562568,6.2,9.2,77.2,87.0,100.0,98.8,3.9,3.9,0.6030737179389758,0.625,63657.5,Black,89.0909090909091,72.12121212121211,50.0,16.363636363636363,0.32727272727272727,0.0291666666666666,0.07500000000000011,0.05416666666666681,58.18181818181818,63.18181818181817
27,218,Flatlands/Canarsie,95400,0.262,0.02,4.5,727.0,0.08900000000000001,0.047,0.622,0.55,0.08800000000000001,0.22399999999999998,17.6,5232,1740,0.1070336391437308,0.0214067278287461,0.0336391437308868,0.9510703363914372,0.0336391437308868,0.2018348623853211,0.2171253822629969,0.5321100917431193,0.110091743119266,0.3065,53.784246575342465,0.4740061162079511,0.3302752293577982,2003.0,14,0.3211009174311927,0.1987767584097859,0.0122324159021406,0.0305810397553516,17.431192660550458,0.1743119266055046,0.0305810397553516,0.0091743119266055,0.0,0.0,0.0,0.0,205631.0,13.7231386,4,0.0194523199323059,0.2914785106083531,0.102124676,1.5302622,0.01458924,0.2186089,0.08753544,1.3116534,0.00486308,0.07286963,0.0,0.0,0.27719557,4.153569,0.024315398,0.36434814,0.00972616,0.14573926,0.97747904,14.646796,0.16048163,2.404698,0.9531637,14.282448,0.23342784,3.4977424,0.01458924,0.2186089,0.40363565,6.0481796,0.06808312,1.0201749,0.024315398,0.36434814,0.0,0.0,0.0,0.0,0.08753544,1.3116534,0.00486308,0.07286963,0.72459894,10.857575,0.5592542,8.380008,0.16534473,2.4775674,0.05349388,0.80156595,0.082672365,1.2387837,0.3695941,5.538092,0.06808312,1.0201749,1.0504252,15.7398405,0.2869217,4.2993083,0.01458924,0.2186089,0.121577,1.8217407,0.17507088,2.6233068,0.00972616,0.14573926,0.00972616,0.14573926,0.13616624,2.0403497,0.38904637,5.8295703,0.35,0.02917848,0.4372178,0.03404156,0.51008743,38.33539829458494,222.4011733636708,221.83302566406505,7.4,9.0,67.6,77.8,99.1,98.7,3.4,2.4,0.2192910245426796,0.5747126436781609,63480.0,Black,96.36363636363636,54.54545454545454,47.27272727272727,27.272727272727273,0.576923076923077,0.0550458715596329,0.08256880733944957,0.04892966360856277,29.09090909090909,55.22727272727273
28,301,Greenwich Village/Financial District,180320,0.0,0.015,6.6,46.0,0.08800000000000001,0.165,0.021,0.45,0.057,0.722,51.6,8507,3190,0.1534391534391534,0.1481481481481481,0.2063492063492063,0.925925925925926,0.0158730158730158,0.0873015873015873,0.0793650793650793,0.582010582010582,0.0952380952380952,0.27,46.346875,0.2275132275132275,0.1349206349206349,2011.5,5,0.5634920634920635,0.4232804232804232,0.0185185185185185,0.0343915343915343,22.75132275132275,0.2275132275132275,0.1216931216931216,0.0529100529100529,6.084656084656085,0.0608465608465608,0.0608465608465608,0.0317460317460317,155694.0,2.9651401,1,0.0064228550875435,0.3372521925692482,0.4560227,23.944908,0.17341709,9.10581,0.1284571,6.745044,0.03853713,2.0235133,0.012845711,0.67450446,1.9589709,102.86192,0.122034244,6.407792,0.0578057,3.03527,1.2781482,67.11319,0.35967988,18.886124,2.7810962,146.03021,0.17983994,9.443062,0.08991997,4.721531,1.991085,104.54819,0.109188534,5.733288,0.1156114,6.07054,0.0578057,3.03527,0.012845711,0.67450446,0.89919966,47.21531,0.025691422,1.3490089,0.53309697,27.991934,5.51081,289.3624,0.5844798,30.689953,0.37894845,19.89788,0.15414852,8.094053,1.4322968,75.207245,0.5202513,27.31743,3.930787,206.39836,0.73220545,38.446754,0.019268565,1.0117567,1.0405025,54.63486,0.95700544,50.25058,0.0,0.0,0.019268565,1.0117567,0.42390844,22.258646,1.7662852,92.74436,0.24,1.8497823,97.12864,1.1496911,60.36815,30.691399662731868,578.4200979700174,577.856862875558,1.9,3.9,12.4,13.2,23.9,31.3,5.2,5.6,-0.8102148586614025,0.31347962382445144,105360.0,White,25.454545454545453,87.87878787878788,57.878787878787875,97.72727272727273,1.6884816753926704,0.3544973544973544,0.08994708994708976,0.07407407407407396,61.81818181818181,27.95454545454545
29,302,Lower East Side/Chinatown,49270,0.0,0.318,8.5,26.0,0.273,0.361,0.065,0.71,0.23600000000000002,0.31,92.0,4134,1390,0.1462140992167102,0.031331592689295,0.0939947780678851,0.8511749347258486,0.1044386422976501,0.2193211488250653,0.2924281984334204,0.5378590078328982,0.0939947780678851,0.2685,50.391437308868504,0.0939947780678851,0.2819843342036554,2007.0,10,0.4360313315926893,0.3342036553524804,0.010443864229765,0.0600522193211488,37.33681462140992,0.3733681462140992,0.2010443864229765,0.0835509138381201,7.83289817232376,0.0783289817232376,0.0783289817232376,0.0365535248041775,154554.0,1.7471791,1,0.0064702304696093,0.5723511688069071,0.2588092,22.894047,0.09058323,8.012917,0.21998784,19.45994,0.051761843,4.5788097,0.0,0.0,0.47879708,42.35399,0.045291614,4.0064583,0.0064702304,0.5723512,1.0222964,90.43149,0.252339,22.321697,1.7663729,156.25188,0.2976306,26.328156,0.03882138,3.434107,0.8734811,77.26741,0.11646415,10.302321,0.03235115,2.8617558,0.025880922,2.2894049,0.0064702304,0.5723512,0.3170413,28.045208,0.0,0.0,0.3235115,28.61756,1.5463852,136.79193,0.20057714,17.742887,0.31057104,27.472857,0.10352369,9.157619,0.6534933,57.80747,0.22645807,20.032291,1.0028857,88.71443,0.45938635,40.636936,0.03235115,2.8617558,0.252339,22.321697,0.28469014,25.183453,0.0,0.0,0.0064702304,0.5723512,0.30410084,26.900505,0.80230856,70.97155,0.37903225,1.151701,101.87851,0.38821384,34.341072,4.576659038901602,661.567976220427,661.2984952631947,8.0,7.1,26.2,30.3,41.6,58.8,3.0,4.3,1.4488444091333494,0.7194244604316546,149043.33333333334,Asian,43.63636363636363,53.333333333333336,74.54545454545453,91.81818181818181,1.231707317073171,0.12532637075718012,0.2532637075718015,0.1488250652741514,96.36363636363636,52.72727272727273
30,303,Chelsea/Clinton/Midtown,126930,0.0,0.026000000000000002,7.5,44.0,0.138,0.156,0.068,0.59,0.156,0.593,49.5,6755,2630,0.2977777777777777,0.1688888888888889,0.1822222222222222,0.9488888888888888,0.0111111111111111,0.08,0.0844444444444444,0.4444444444444444,0.0644444444444444,0.2885,48.18987341772152,0.1688888888888889,0.1177777777777777,2012.0,5,0.4688888888888889,0.3622222222222222,0.0155555555555555,0.06,18.22222222222222,0.1822222222222222,0.1066666666666666,0.0422222222222222,4.666666666666667,0.0466666666666666,0.0466666666666666,0.0266666666666666,158185.0,3.0733327,0,0.0,0.0,0.6764232,34.815628,0.18965136,9.761391,0.2655119,13.665947,0.044251986,2.2776577,0.006321712,0.3253797,2.8700573,147.72238,0.18332964,9.436011,0.037930273,1.9522781,1.8143313,93.38397,0.46148497,23.752718,3.7993488,195.55319,0.20229478,10.41215,0.15804279,8.134492,2.6867275,138.28638,0.17700794,9.110631,0.13907766,7.1583533,0.050573695,2.6030376,0.0,0.0,1.163195,59.86986,0.075860545,3.9045563,0.60056263,30.91107,10.064165,518.00446,1.0367607,53.36227,0.8028574,41.32322,0.25919017,13.340568,2.787875,143.49245,0.745962,38.394802,5.2343774,269.4144,0.82814425,42.62474,0.08218225,4.229936,1.9913392,102.494606,1.2580206,64.75056,0.03160856,1.6268984,0.025286848,1.3015188,0.82814425,42.62474,2.6993709,138.93713,0.30679157,3.160856,162.68985,3.2556815,167.57054,44.256426944354054,526.1122450647792,525.4272778125196,5.0,5.2,19.9,22.4,32.2,44.6,6.9,8.0,-0.8835787933450598,0.38022813688212925,158133.33333333334,White,9.090909090909092,92.12121212121212,76.36363636363636,100.0,1.3095238095238095,0.3511111111111111,0.06222222222222232,0.05111111111111122,74.54545454545455,35.45454545454545
31,304,Stuyvesant Town/Turtle Bay,139880,0.0,0.05,5.9,34.0,0.08,0.149,0.04,0.5,0.099,0.685,92.3,6797,3040,0.2376470588235294,0.148235294117647,0.2423529411764705,0.9576470588235294,0.0070588235294117,0.0517647058823529,0.0729411764705882,0.5317647058823529,0.0376470588235294,0.2885,47.72530864197531,0.2141176470588235,0.1152941176470588,2011.0,6,0.4847058823529411,0.3764705882352941,0.0141176470588235,0.0235294117647058,23.52941176470588,0.2352941176470588,0.1129411764705882,0.0376470588235294,4.0,0.04,0.04,0.0117647058823529,148806.0,1.6413923,0,0.0,0.0,0.33600795,30.46194,0.087362066,7.9201045,0.19488461,17.667925,0.0,0.0,0.0,0.0,1.6061181,145.60808,0.08064191,7.310866,0.033600796,3.046194,1.1155465,101.133644,0.3158475,28.634224,2.2042122,199.83034,0.2284854,20.714119,0.10080239,9.138582,1.5187559,137.68797,0.07392175,6.701627,0.087362066,7.9201045,0.047041114,4.264672,0.006720159,0.6092388,0.6518554,59.096165,0.026880637,2.4369552,0.36960876,33.508133,1.6531591,149.87274,0.41664985,37.772808,0.25536606,23.151075,0.06720159,6.092388,0.77953845,70.6717,0.3158475,28.634224,6.155666,558.06274,0.47041115,42.646717,0.040320955,3.655433,1.0416247,94.432014,0.61825466,56.049973,0.013440318,1.2184776,0.006720159,0.6092388,0.3292878,29.852701,1.1625875,105.398315,0.28323698,0.6921764,62.7516,1.182748,107.22603,37.17245581962218,577.3283309954421,576.7135354373199,2.7,3.2,10.7,16.5,30.1,40.7,7.6,5.7,-1.0667332123438797,0.3289473684210526,113226.66666666667,White,14.545454545454545,71.51515151515152,67.57575757575758,95.0,1.405829596412556,0.39058823529411746,0.049411764705882294,0.04235294117647059,43.63636363636363,21.136363636363637
32,305,Upper West Side,154200,0.0,0.017,9.2,28.0,0.099,0.087,0.057,0.49,0.131,0.691,69.9,5020,2380,0.172211350293542,0.1389432485322896,0.2818003913894324,0.9784735812133072,0.0078277886497064,0.111545988258317,0.1252446183953033,0.5694716242661448,0.0724070450097847,0.2855,53.57446808510638,0.2700587084148728,0.1330724070450097,2011.0,6,0.4814090019569471,0.3874755381604696,0.0117416829745596,0.035225048923679,22.309197651663403,0.223091976516634,0.1232876712328767,0.0410958904109589,4.6966731898238745,0.0469667318982387,0.0469667318982387,0.0234833659491193,194145.0,2.9511847,3,0.0154523680754075,1.0165409166020685,0.20088078,13.215031,0.030904736,2.0330815,0.051507894,3.3884695,0.0051507894,0.33884695,0.0,0.0,0.98380077,64.719765,0.020603158,1.3553878,0.010301579,0.6776939,0.7468645,49.132805,0.09271421,6.099245,0.8498802,55.909744,0.13392052,8.81002,0.07211105,4.7438574,1.2619433,83.0175,0.07211105,4.7438574,0.05665868,3.7273164,0.010301579,0.6776939,0.0051507894,0.33884695,0.6283963,41.339325,0.0,0.0,0.3966108,26.091215,0.9322929,61.331295,0.13392052,8.81002,0.22663473,14.9092655,0.061809473,4.066163,0.4790234,31.512766,0.10301579,6.776939,3.13168,206.01894,0.27299184,17.958887,0.015452368,1.0165408,0.20088078,13.215031,0.3811584,25.074673,0.0,0.0,0.015452368,1.0165408,0.23178552,15.248113,0.7623168,50.149345,0.30405405,0.67475337,44.38895,0.32449973,21.347357,5.4274084124830395,599.0012347263752,597.712422477911,5.3,4.8,29.9,21.9,40.5,55.7,4.7,6.6,-0.7011481630785426,0.42016806722689076,91906.0,White,20.0,69.6969696969697,36.666666666666664,87.72727272727272,2.3925619834710745,0.42074363992172203,0.029354207436399216,0.021526418786692814,23.636363636363637,19.318181818181817
33,306,Upper East Side,163480,0.0,0.0,5.2,44.0,0.061,0.107,0.013999999999999999,0.42,0.10800000000000001,0.746,107.8,6653,2910,0.2599653379549393,0.1282495667244367,0.3570190641247833,0.9566724436741768,0.0034662045060658,0.046793760831889,0.07105719237435,0.5060658578856152,0.046793760831889,0.285,51.45433255269321,0.2755632582322357,0.1091854419410745,2010.0,7,0.4246100519930676,0.3258232235701906,0.0069324090121317,0.0346620450606585,17.33102253032929,0.1733102253032929,0.072790294627383,0.0294627383015597,2.4263431542461005,0.024263431542461,0.024263431542461,0.0103986135181975,214957.0,2.0179858,0,0.0,0.0,0.21399629,22.795006,0.051173024,5.4509797,0.08373768,8.9197855,0.009304186,0.99108726,0.0,0.0,1.2421088,132.31015,0.055825118,5.9465237,0.004652093,0.49554363,0.6187284,65.9073,0.15351908,16.35294,1.8422289,196.23528,0.13025862,13.875221,0.19538791,20.812832,0.8141163,86.72013,0.018608373,1.9821745,0.04652093,4.955436,0.023260465,2.477718,0.0,0.0,0.35821116,38.15686,0.009304186,0.99108726,0.33495072,35.679142,1.6328847,173.9358,0.19538791,20.812832,0.10234605,10.901959,0.037216745,3.964349,0.5396428,57.48306,0.45125303,48.06773,7.573608,806.745,0.37681955,40.139034,0.018608373,1.9821745,0.29773396,31.714792,0.5349907,56.987514,0.0,0.0,0.0139562795,1.4866309,0.23260467,24.777182,0.93041867,99.10873,0.25,0.76759535,81.764694,0.22330047,23.786095,22.299306243805745,594.1315895495244,593.2314467258676,1.5,1.5,7.7,17.3,47.1,61.2,5.5,6.6,-1.1371386369499452,0.3436426116838488,116695.0,White,16.363636363636363,57.57575757575757,29.696969696969692,87.72727272727273,2.954081632653062,0.48526863084922,0.04679376083188899,0.04332755632582319,45.45454545454545,20.22727272727273
34,307,Morningside Heights/Hamilton Heights,62290,0.0,0.408,8.2,14.0,0.22699999999999998,0.102,0.22399999999999998,0.73,0.365,0.285,80.7,4035,1560,0.2162921348314606,0.0365168539325842,0.0758426966292134,0.9213483146067416,0.0224719101123595,0.2359550561797752,0.2359550561797752,0.5224719101123596,0.0814606741573033,0.242,52.111111111111114,0.0842696629213483,0.1882022471910112,2004.0,13,0.3623595505617977,0.2584269662921348,0.0084269662921348,0.1825842696629213,20.224719101123593,0.2022471910112359,0.095505617977528,0.047752808988764,3.3707865168539324,0.0337078651685393,0.0337078651685393,0.0224719101123595,131080.0,1.68907,0,0.0,0.0,0.11443393,8.880627,0.022886787,1.7761253,0.045773573,3.5522506,0.0,0.0,0.007628929,0.5920418,0.51113826,39.666798,0.053402502,4.1442924,0.007628929,0.5920418,0.9231004,71.637054,0.19835216,15.393086,0.6713457,52.099678,0.14494964,11.248794,0.053402502,4.1442924,0.56454074,43.811092,0.09154715,7.1045012,0.030515715,2.3681672,0.0,0.0,0.0,0.0,0.20598108,15.985128,0.030515715,2.3681672,0.2898993,22.497587,0.3738175,29.010048,0.06866036,5.328376,0.12206286,9.472669,0.06103143,4.7363343,0.32804394,25.457796,0.038144644,2.960209,0.7705218,59.79622,0.29752824,23.08963,0.015257858,1.1840836,0.09917608,7.696543,0.106805004,8.288585,0.0,0.0,0.007628929,0.5920418,0.24412572,18.945337,0.4501068,34.930466,0.5423729,0.25175464,19.537378,0.14494964,11.248794,0.0,690.4829097055632,690.138039032481,7.1,10.1,39.3,40.0,77.9,87.1,4.1,5.4,0.23992528925304657,0.6410256410256411,95143.33333333333,Hispanic,41.81818181818181,40.6060606060606,20.909090909090907,66.81818181818183,3.1956521739130443,0.11235955056179761,0.10112359550561789,0.0786516853932584,92.72727272727272,35.0
35,308,Central Harlem,61060,0.0,0.5,9.3,38.0,0.235,0.040999999999999995,0.53,0.63,0.247,0.149,103.1,3847,1300,0.2493887530562347,0.0440097799511002,0.0513447432762836,0.8801955990220048,0.0757946210268948,0.1540342298288508,0.1907090464547677,0.4963325183374083,0.1026894865525672,0.279,51.214983713355046,0.0880195599022004,0.1246943765281173,2006.0,11,0.3667481662591687,0.2078239608801956,0.0073349633251833,0.2151589242053789,18.82640586797066,0.1882640586797066,0.0660146699266503,0.0366748166259168,2.2004889975550124,0.0220048899755501,0.0220048899755501,0.0146699266503667,136089.0,1.4469522,2,0.0146962649442644,1.3822156668340528,0.15431078,14.513265,0.014696265,1.3822156,0.08817759,8.293294,0.0073481323,0.6911078,0.0,0.0,0.5658062,53.2153,0.06613319,6.21997,0.022044398,2.0733235,1.2565306,118.179436,0.13226639,12.43994,1.0434349,98.137314,0.15431078,14.513265,0.051436927,4.8377547,0.95525724,89.84402,0.06613319,6.21997,0.11022199,10.366617,0.022044398,2.0733235,0.0,0.0,0.36005852,33.864285,0.014696265,1.3822156,0.47762862,44.92201,0.57315433,53.90641,0.11022199,10.366617,0.13961452,13.131048,0.051436927,4.8377547,0.38945103,36.628716,0.014696265,1.3822156,0.5217174,49.068657,0.33066598,31.099852,0.02939253,2.7644312,0.11757012,11.057725,0.19105144,17.968803,0.0,0.0,0.0,0.0,0.30127344,28.33542,0.58050245,54.59752,0.51898736,0.3674066,34.55539,0.08082946,7.602186,0.691085003455425,660.9215242751629,660.7208163497086,17.7,10.8,40.6,42.3,81.2,86.3,4.1,5.1,0.5454789794377255,0.7692307692307693,87420.0,Black,45.45454545454545,81.2121212121212,31.212121212121207,73.18181818181819,2.344660194174758,0.0953545232273838,0.19559902200488996,0.11980440097799516,94.54545454545455,54.77272727272727
36,309,East Harlem,45770,0.0,0.6920000000000001,6.5,8.0,0.315,0.083,0.264,0.64,0.519,0.11900000000000001,55.3,3743,1110,0.1115537848605577,0.0079681274900398,0.1274900398406374,0.9163346613545816,0.0517928286852589,0.1673306772908366,0.2549800796812749,0.5776892430278885,0.1354581673306772,0.281,53.11210762331839,0.1035856573705179,0.147410358565737,2005.0,12,0.4063745019920319,0.2828685258964143,0.0079681274900398,0.0597609561752988,22.31075697211155,0.2231075697211155,0.099601593625498,0.0438247011952191,4.780876494023905,0.047808764940239,0.047808764940239,0.0199203187250996,121892.0,2.3135665999999997,2,0.0164079677091195,0.8644661450420318,0.1558757,8.212428,0.016407968,0.86446613,0.090243824,4.754564,0.0,0.0,0.0,0.0,0.31995538,16.85709,0.04101992,2.1611652,0.02461195,1.2966992,0.9106422,47.97787,0.1968956,10.373593,0.9516621,50.139034,0.18869163,9.94136,0.057427887,3.0256314,0.67272663,35.44311,0.057427887,3.0256314,0.08203984,4.3223305,0.04101992,2.1611652,0.008203984,0.43223307,0.18048765,9.509128,0.0,0.0,0.38558725,20.314953,0.5414629,28.527382,0.13946773,7.347962,0.08203984,4.3223305,0.0492239,2.5933983,0.30354738,15.992623,0.090243824,4.754564,1.2552096,66.13166,0.42660716,22.476118,0.016407968,0.86446613,0.08203984,4.3223305,0.18048765,9.509128,0.0,0.0,0.02461195,1.2966992,0.18869163,9.94136,0.4594231,24.205051,0.4107143,0.10665179,5.6190295,0.032815937,1.7289323,2.5940337224383914,642.0375536485166,641.7840848705391,16.2,25.8,48.1,54.6,79.7,88.2,3.0,4.6,0.4582052755608015,0.9009009009009009,126246.66666666667,Hispanic,56.36363636363636,66.06060606060606,40.303030303030305,48.63636363636364,1.2067669172932332,0.1354581673306772,0.13545816733067725,0.08366533864541836,98.18181818181819,51.36363636363636
37,310,Washington Heights/Inwood,70170,0.0,0.5920000000000001,5.7,13.0,0.187,0.024,0.083,0.5,0.669,0.20199999999999999,75.1,4106,1580,0.1042944785276073,0.0184049079754601,0.0736196319018405,0.9038854805725972,0.0593047034764826,0.2740286298568507,0.3087934560327198,0.4907975460122699,0.147239263803681,0.272,51.602739726027394,0.0736196319018405,0.3824130879345603,2006.0,11,0.4294478527607362,0.2903885480572597,0.0224948875255623,0.0531697341513292,19.836400817995912,0.1983640081799591,0.0879345603271983,0.0306748466257668,3.476482617586912,0.0347648261758691,0.0347648261758691,0.0143149284253578,216591.0,2.9828854,3,0.0138509910384087,1.0057375989033974,0.13850991,10.057376,0.036935978,2.681967,0.078488946,5.6991796,0.004616997,0.33524588,0.0,0.0,0.18929687,13.745081,0.013850992,1.0057377,0.018467989,1.3409835,0.55865663,40.56475,0.19391388,14.080327,1.0434414,75.765564,0.18006288,13.074589,0.023084985,1.6762294,0.40629572,29.501637,0.04616997,3.3524587,0.03231898,2.3467212,0.004616997,0.33524588,0.0,0.0,0.15697789,11.398359,0.004616997,0.33524588,0.5263376,38.21803,0.64176255,46.599174,0.11080793,8.045901,0.06925496,5.028688,0.078488946,5.6991796,0.3047218,22.126228,0.041552972,3.0172129,1.2281213,89.1754,0.41552973,30.172129,0.018467989,1.3409835,0.09695694,7.0401635,0.11542492,8.381146,0.0,0.0,0.004616997,0.33524588,0.1708289,12.404098,0.3462748,25.14344,0.49333334,0.21238185,15.42131,0.023084985,1.6762294,5.023442732752847,701.9030720184838,701.6790825519913,7.3,4.4,39.6,49.9,91.0,97.4,1.7,2.4,1.0763163692550783,0.6329113924050633,55676.666666666664,Hispanic,30.909090909090907,49.696969696969695,38.18181818181818,43.63636363636364,1.142857142857143,0.0920245398773006,0.15541922290388538,0.09611451942740279,69.0909090909091,43.18181818181817
38,401,Astoria,82620,0.011000000000000001,0.26899999999999996,4.8,75.0,0.13,0.16699999999999998,0.08199999999999999,0.68,0.243,0.475,31.9,5134,2040,0.0977011494252873,0.0402298850574712,0.0258620689655172,0.9482758620689656,0.028735632183908,0.0747126436781609,0.1120689655172413,0.6781609195402298,0.0977011494252873,0.27,48.14331210191083,0.160919540229885,0.3362068965517241,2010.0,7,0.5459770114942529,0.3908045977011494,0.0229885057471264,0.0172413793103448,23.563218390804597,0.2356321839080459,0.132183908045977,0.0689655172413793,4.022988505747127,0.0402298850574712,0.0402298850574712,0.0201149425287356,163960.0,5.1073447,2,0.0121980970968528,0.391592915199164,0.2134667,6.852876,0.07928763,2.545354,0.17077336,5.4823008,0.03659429,1.1747788,0.0,0.0,0.4513296,14.488938,0.018297145,0.5873894,0.012198097,0.39159292,0.6952916,22.320797,0.19516955,6.2654867,1.4820688,47.57854,0.5367162,17.23009,0.07318858,2.3495576,0.4147353,13.314159,0.04879239,1.5663717,0.012198097,0.39159292,0.0,0.0,0.0,0.0,0.15247622,4.8949113,0.0,0.0,0.31715053,10.181416,0.85996586,27.607302,0.29885337,9.594027,0.09758478,3.1327434,0.060990486,1.9579647,0.62820196,20.167036,0.15247622,4.8949113,1.384484,44.445797,0.506221,16.251106,0.024396194,0.78318584,0.28055623,9.006638,0.35984385,11.551991,0.0,0.0,0.0060990485,0.19579646,0.37814102,12.13938,0.9514516,30.544249,0.3974359,0.3293486,10.573009,0.2683581,8.615045,55.81668625146886,142.66358430444677,142.03437401159326,3.4,4.2,22.5,35.5,83.0,89.6,2.3,3.3,-0.583713419284236,0.49019607843137253,77145.0,White,3.6363636363636362,22.424242424242426,66.96969696969695,87.72727272727272,1.309954751131222,0.0660919540229884,0.08045977011494236,0.051724137931034364,16.363636363636363,35.22727272727273
39,402,Sunnyside/Woodside,83840,0.004,0.258,4.4,69.0,0.09300000000000001,0.363,0.012,0.68,0.309,0.295,22.3,5414,2010,0.0565217391304347,0.0478260869565217,0.0913043478260869,0.8652173913043478,0.0260869565217391,0.1652173913043478,0.2391304347826087,0.6652173913043479,0.108695652173913,0.313,49.35944700460829,0.3043478260869565,0.4565217391304347,2009.0,8,0.5521739130434783,0.3782608695652174,0.0130434782608695,0.0043478260869565,19.565217391304348,0.1956521739130435,0.0826086956521739,0.0391304347826087,3.4782608695652173,0.0347826086956521,0.0347826086956521,0.0217391304347826,135380.0,5.9723651,4,0.0295464618111981,0.6697514189144264,0.30285123,6.864952,0.05170631,1.172065,0.2363717,5.3580117,0.0073866155,0.16743787,0.0,0.0,0.46535677,10.548585,0.0073866155,0.16743787,0.029546462,0.66975147,0.8494608,19.255354,0.19943862,4.520822,1.2778845,28.96675,0.46535677,10.548585,0.07386615,1.6743786,0.41365048,9.37652,0.036933076,0.8371893,0.014773231,0.33487573,0.029546462,0.66975147,0.0,0.0,0.17727877,4.0185084,0.0073866155,0.16743787,0.30285123,6.864952,0.8494608,19.255354,0.31023782,7.03239,0.16250554,3.6836329,0.088639386,2.0092542,0.67956865,15.404284,0.1403457,3.1813192,0.8790072,19.925106,0.3914906,8.874207,0.029546462,0.66975147,0.288078,6.5300765,0.21421185,4.855698,0.0073866155,0.16743787,0.0073866155,0.16743787,0.19943862,4.520822,0.5687694,12.892715,0.35064936,0.42103708,9.543958,0.288078,6.5300765,49.054076678386075,147.6787199866197,147.1666627887244,1.0,1.8,22.9,33.3,65.7,70.2,3.2,3.5,0.05992059134355602,0.49751243781094523,84270.0,Asian,50.90909090909091,23.03030303030303,82.72727272727273,80.45454545454547,0.9725274725274726,0.13913043478260861,0.16086956521739126,0.13478260869565217,30.909090909090907,53.63636363636364
40,403,Jackson Heights,70450,0.055,0.625,3.4,193.0,0.135,0.187,0.051,0.56,0.625,0.12300000000000001,40.7,5203,1870,0.1145038167938931,0.0190839694656488,0.1717557251908397,0.9580152671755724,0.0114503816793893,0.2137404580152671,0.3167938931297709,0.5916030534351145,0.1603053435114503,0.359,50.53879310344828,0.2862595419847328,0.583969465648855,2007.0,10,0.465648854961832,0.2862595419847328,0.0229007633587786,0.015267175572519,14.885496183206106,0.148854961832061,0.0419847328244274,0.0190839694656488,1.1450381679389312,0.0114503816793893,0.0114503816793893,0.0114503816793893,171657.0,4.0645188,2,0.0116511415205904,0.4920631687076954,0.16311598,6.888884,0.029127853,1.2301579,0.19224384,8.119042,0.0,0.0,0.0,0.0,0.18641827,7.8730106,0.011651142,0.49206316,0.017476711,0.73809475,0.6990685,29.523788,0.25049955,10.579358,1.1301608,47.730125,0.3786621,15.992052,0.052430134,2.2142842,0.34953424,14.761894,0.046604566,1.9682527,0.023302283,0.9841263,0.005825571,0.24603158,0.0,0.0,0.15146485,6.396821,0.005825571,0.24603158,0.2971041,12.54761,0.9204402,38.87299,0.28545296,12.055548,0.069906846,2.952379,0.052430134,2.2142842,0.47187123,19.928558,0.046604566,1.9682527,0.86218446,36.412674,0.43109223,18.206337,0.034953423,1.4761895,0.18641827,7.8730106,0.08155799,3.444442,0.0,0.0,0.0,0.0,0.19806941,8.365073,0.34953424,14.761894,0.56666666,0.08155799,3.444442,0.12233699,5.166663,59.286592865928654,180.7126347231529,180.20482855792204,4.0,1.6,54.6,55.1,95.8,98.0,1.9,2.1,0.25606378406542285,0.5347593582887701,77056.66666666667,Hispanic,49.09090909090909,20.60606060606061,61.21212121212122,46.36363636363637,0.7574257425742574,0.1908396946564885,0.05343511450381691,0.041984732824427606,52.72727272727272,55.45454545454545
41,404,Elmhurst/Corona,64710,0.036000000000000004,0.759,4.0,65.0,0.156,0.327,0.05,0.58,0.5579999999999999,0.055,40.6,4338,1820,0.0461538461538461,0.0358974358974358,0.0974358974358974,0.9897435897435898,0.0051282051282051,0.2615384615384615,0.4307692307692308,0.5230769230769231,0.241025641025641,0.312,49.55913978494624,0.2256410256410256,0.6717948717948717,2009.5,7,0.5743589743589743,0.3897435897435897,0.0256410256410256,0.0153846153846153,18.461538461538463,0.1846153846153846,0.0666666666666666,0.0205128205128205,3.076923076923077,0.0307692307692307,0.0307692307692307,0.0102564102564102,139682.0,3.6488764,0,0.0,0.0,0.18613708,7.1254807,0.021477355,0.82217085,0.15750061,6.029253,0.0,0.0,0.0,0.0,0.17181884,6.577367,0.0,0.0,0.0071591185,0.27405694,0.63716155,24.391068,0.14318238,5.4811387,1.1239817,43.02694,0.32931945,12.60662,0.028636474,1.0962278,0.36511505,13.976904,0.078750305,3.0146265,0.014318237,0.5481139,0.014318237,0.5481139,0.0,0.0,0.1145459,4.384911,0.0,0.0,0.24341004,9.317936,0.5369339,20.554272,0.15750061,6.029253,0.07159119,2.7405694,0.021477355,0.82217085,0.28636476,10.962277,0.06443207,2.4665124,1.2170501,46.58968,0.32931945,12.60662,0.014318237,0.5481139,0.13602325,5.207082,0.06443207,2.4665124,0.0,0.0,0.014318237,0.5481139,0.14318238,5.4811387,0.29352385,11.236335,0.4878049,0.1145459,4.384911,0.078750305,3.0146265,46.04001096190737,202.3355703228138,201.65878037563596,4.3,6.3,51.0,63.0,98.1,100.0,1.4,1.3,0.6682979982088374,0.5494505494505495,76960.0,Hispanic,10.909090909090908,14.545454545454547,37.57575757575757,35.90909090909091,0.9556451612903226,0.1333333333333332,0.01538461538461532,0.01025641025641022,5.454545454545454,38.63636363636364
42,405,Middle Village/Ridgewood,88660,0.08199999999999999,0.084,4.3,136.0,0.084,0.08900000000000001,0.009000000000000001,0.59,0.384,0.501,27.2,4629,1820,0.0971786833855799,0.012539184952978,0.012539184952978,0.9937304075235108,0.0031347962382445,0.1003134796238244,0.0752351097178683,0.5047021943573667,0.1347962382445141,0.289,50.24652777777778,0.3855799373040752,0.3667711598746082,2006.0,11,0.438871473354232,0.2789968652037617,0.0,0.0156739811912225,20.37617554858934,0.2037617554858934,0.0470219435736677,0.0219435736677116,2.507836990595611,0.0250783699059561,0.0250783699059561,0.0156739811912225,186568.0,7.3235791,3,0.0160799279619227,0.4096357749450675,0.22511898,5.734901,0.05359976,1.3654526,0.10719952,2.7309053,0.02679988,0.6827263,0.0,0.0,0.123279445,3.140541,0.032159857,0.81927156,0.048239786,1.2289073,0.63247716,16.11234,0.12863943,3.2770863,1.2595943,32.08814,0.35375842,9.011988,0.021439904,0.5461811,0.25191888,6.4176273,0.04287981,1.0923622,0.010719952,0.27309054,0.0,0.0,0.0,0.0,0.09647957,2.4578147,0.0,0.0,0.2679988,6.8272634,0.64855707,16.521976,0.2679988,6.8272634,0.069679685,1.7750884,0.069679685,1.7750884,0.444878,11.333257,0.069679685,1.7750884,0.85223615,21.710697,0.32159856,8.192716,0.02679988,0.6827263,0.18759915,4.779084,0.17151923,4.3694487,0.0,0.0,0.005359976,0.13654527,0.15007932,3.8232675,0.444878,11.333257,0.33734939,0.08039964,2.048179,0.058959737,1.501998,66.63935545541445,118.0174572129128,117.41483208251508,1.8,2.6,60.2,62.0,93.1,95.7,3.4,3.7,-0.9493282986047905,0.5494505494505495,74720.0,White,74.54545454545455,9.090909090909092,59.69696969696969,40.45454545454545,0.6776649746192894,0.025078369905956,0.009404388714733671,0.006269592476489172,1.8181818181818181,29.09090909090909
43,406,Rego Park/Forest Hills,93900,0.002,0.064,5.3,36.0,0.081,0.295,0.034,0.66,0.154,0.475,42.4,5349,2050,0.1105990783410138,0.1013824884792626,0.3686635944700461,0.967741935483871,0.0046082949308755,0.064516129032258,0.0967741935483871,0.5161290322580645,0.1013824884792626,0.254,53.5699481865285,0.3963133640552995,0.3778801843317972,2008.0,9,0.4930875576036866,0.3502304147465437,0.0046082949308755,0.0138248847926267,14.285714285714285,0.1428571428571428,0.032258064516129,0.0230414746543778,1.3824884792626728,0.0138248847926267,0.0138248847926267,0.0046082949308755,115881.0,2.7874321,1,0.0086295423753678,0.3587531333947112,0.15533176,6.4575562,0.025888627,1.0762594,0.14670223,6.098803,0.008629542,0.35875311,0.0,0.0,0.24162719,10.045088,0.017259084,0.71750623,0.008629542,0.35875311,0.6126975,25.471472,0.18122038,7.5338154,1.3116904,54.530476,0.25888628,10.762593,0.069036335,2.870025,0.62132704,25.830225,0.069036335,2.870025,0.025888627,1.0762594,0.017259084,0.71750623,0.0,0.0,0.25025675,10.40384,0.008629542,0.35875311,0.45736572,19.013916,0.7593997,31.570274,0.18984993,7.8925686,0.069036335,2.870025,0.051777255,2.1525187,0.2847749,11.838853,0.094924964,3.9462843,3.2705965,135.96744,0.604068,25.112719,0.017259084,0.71750623,0.35381126,14.708878,0.23299764,9.686335,0.008629542,0.35875311,0.0,0.0,0.13807267,5.74005,0.48325437,20.090176,0.2857143,0.14670223,6.098803,0.10355451,4.3050375,61.35629709364909,155.4314562191444,154.8435531590558,0.0,0.9,22.6,26.2,84.2,95.6,2.8,2.0,-0.9863856536430115,0.4878048780487805,80130.0,White,76.36363636363637,53.93939393939394,49.696969696969695,59.09090909090909,1.1890243902439026,0.4700460829493087,0.036866359447004504,0.032258064516129004,9.090909090909092,12.272727272727273
44,407,Flushing/Whitestone,63830,0.004,0.355,6.0,152.0,0.162,0.545,0.021,0.61,0.184,0.233,22.1,5514,1840,0.1047120418848167,0.1073298429319371,0.1570680628272251,0.9450261780104712,0.0104712041884816,0.0706806282722513,0.1675392670157068,0.5026178010471204,0.1020942408376963,0.3185,54.058479532163744,0.4057591623036649,0.4633507853403141,2007.5,9,0.5026178010471204,0.3272251308900523,0.0183246073298429,0.0209424083769633,28.79581151832461,0.2879581151832461,0.0890052356020942,0.0235602094240837,1.832460732984293,0.0183246073298429,0.0183246073298429,0.0078534031413612,242631.0,11.7458462,2,0.0082429697771513,0.1702729599847816,0.16898088,3.4905958,0.02472891,0.5108189,0.10303712,2.128412,0.016485939,0.34054592,0.0,0.0,0.33796176,6.9811916,0.053579304,1.1067743,0.02472891,0.5108189,1.2075951,24.94499,0.18958831,3.9162781,2.2462091,46.399384,0.2761395,5.7041445,0.02472891,0.5108189,0.42451295,8.769057,0.11128009,2.298685,0.020607423,0.42568243,0.0041214847,0.08513648,0.0,0.0,0.10715861,2.2135487,0.0041214847,0.08513648,0.41626996,8.598784,0.92733413,19.155708,0.22668168,4.6825066,0.045336336,0.9365013,0.12364455,2.5540946,0.44512036,9.19474,0.12364455,2.5540946,1.9494623,40.269558,0.5481575,11.323153,0.02472891,0.5108189,0.36681217,7.577147,0.21431722,4.4270973,0.008242969,0.17027296,0.008242969,0.17027296,0.15249495,3.15005,0.5687649,11.748835,0.26811594,0.16898088,3.4905958,0.17722385,3.660869,20.94508301404853,96.3586669183256,95.71071921714532,5.3,2.9,55.8,50.6,95.6,96.5,4.1,3.6,-0.6783347268113215,0.5434782608695652,77230.0,Asian,68.18181818181817,36.96969696969697,60.909090909090914,68.18181818181819,1.1194029850746268,0.2643979057591622,0.06544502617801043,0.054973821989528826,10.909090909090908,57.27272727272727
45,408,Hillcrest/Fresh Meadows,79660,0.02,0.068,4.5,97.0,0.12300000000000001,0.344,0.121,0.74,0.198,0.292,22.0,4752,1840,0.0769230769230769,0.0683760683760683,0.1709401709401709,0.8888888888888888,0.0085470085470085,0.0982905982905982,0.1752136752136752,0.5299145299145299,0.1025641025641025,0.293,50.370370370370374,0.3888888888888889,0.4658119658119658,2007.0,10,0.4658119658119658,0.3247863247863248,0.0128205128205128,0.0085470085470085,25.213675213675213,0.2521367521367521,0.0769230769230769,0.0299145299145299,2.9914529914529915,0.0299145299145299,0.0299145299145299,0.0128205128205128,164041.0,7.441078,1,0.0060960369663681,0.134389130177106,0.11582471,2.5533934,0.042672258,0.9407239,0.15849696,3.4941173,0.012192074,0.26877826,0.0,0.0,0.26212958,5.7787323,0.030480186,0.67194563,0.01828811,0.40316737,0.86563724,19.083256,0.109728664,2.4190042,0.7193324,15.857917,0.164593,3.6285064,0.042672258,0.9407239,0.37185824,8.197737,0.042672258,0.9407239,0.006096037,0.13438913,0.006096037,0.13438913,0.0,0.0,0.17068903,3.7628956,0.006096037,0.13438913,0.37185824,8.197737,0.37185824,8.197737,0.09144055,2.015837,0.048768297,1.075113,0.048768297,1.075113,0.26212958,5.7787323,0.01828811,0.40316737,1.2374954,27.280993,0.32308996,7.122624,0.03657622,0.80633473,0.2133613,4.7036195,0.085344516,1.8814478,0.0,0.0,0.006096037,0.13438913,0.11582471,2.5533934,0.2804177,6.1819,0.41304347,0.09753659,2.150226,0.109728664,2.4190042,19.747447608812468,98.75076183437795,98.13005284790424,3.6,4.0,52.6,73.6,94.8,99.6,2.6,3.2,-0.5886544575493207,0.5434782608695652,75928.0,Asian,70.9090909090909,18.181818181818183,40.0,36.81818181818181,0.9204545454545453,0.2393162393162392,0.11965811965811966,0.11111111111111116,18.181818181818183,48.40909090909091
46,409,Ozone Park/Woodhaven,87020,0.158,0.23399999999999999,4.2,278.0,0.122,0.256,0.054000000000000006,0.72,0.429,0.177,32.1,4659,1840,0.1037735849056603,0.0188679245283018,0.1273584905660377,0.9481132075471698,0.0047169811320754,0.1037735849056603,0.1084905660377358,0.5424528301886793,0.0896226415094339,0.313,51.310526315789474,0.3867924528301887,0.3584905660377358,2009.0,8,0.5330188679245284,0.4056603773584906,0.0141509433962264,0.0188679245283018,15.566037735849056,0.1556603773584905,0.0660377358490566,0.0141509433962264,2.8301886792452833,0.0283018867924528,0.0283018867924528,0.0141509433962264,148027.0,4.7541676,6,0.0405331459801252,1.262050584838448,0.16213258,5.0482025,0.040533144,1.2620506,0.1688881,5.258544,0.020266572,0.6310253,0.0,0.0,0.29048756,9.044696,0.03377762,1.0517088,0.04728867,1.4723923,1.0538619,32.813316,0.18915468,5.8895693,0.9592844,29.86853,0.34453171,10.72743,0.060799718,1.893076,0.4188425,13.041189,0.06755524,2.1034176,0.013511049,0.42068353,0.0,0.0,0.0,0.0,0.14186601,4.417177,0.0067555243,0.21034177,0.39182043,12.199822,0.45262012,14.092898,0.24319887,7.572304,0.06755524,2.1034176,0.09457734,2.9447846,0.412087,12.830848,0.074310765,2.3137593,1.1011504,34.28571,0.3850649,11.989481,0.027022097,0.84136707,0.14862153,4.6275187,0.13511048,4.2068353,0.0067555243,0.21034177,0.0,0.0,0.14862153,4.6275187,0.3850649,11.989481,0.3859649,0.11484391,3.57581,0.04728867,1.4723923,62.25026288117771,64.36531969938756,63.68874715490968,1.4,2.7,60.8,57.8,99.7,98.2,3.2,3.0,-0.8183860953365766,0.5434782608695652,79456.66666666667,Hispanic,54.54545454545454,29.6969696969697,75.15151515151514,40.0,0.5322580645161291,0.1462264150943395,0.056603773584905634,0.05188679245283023,25.454545454545453,52.27272727272727
47,410,South Ozone Park/Howard Beach,91970,0.267,0.248,4.1,335.0,0.10400000000000001,0.267,0.133,0.8,0.26,0.218,22.7,5236,1950,0.0898876404494382,0.0,0.0786516853932584,0.949438202247191,0.0112359550561797,0.0786516853932584,0.095505617977528,0.6629213483146067,0.0842696629213483,0.279,57.092592592592595,0.6123595505617978,0.3539325842696629,2004.0,13,0.3539325842696629,0.2022471910112359,0.0056179775280898,0.0224719101123595,16.853932584269664,0.1685393258426966,0.0224719101123595,0.0112359550561797,0.5617977528089888,0.0056179775280898,0.0056179775280898,0.0056179775280898,132943.0,6.134729399999999,1,0.007522020715645,0.1630063748207052,0.1429184,3.0971212,0.052654143,1.1410446,0.15044042,3.2601275,0.0075220205,0.16300638,0.0,0.0,0.18052849,3.912153,0.0075220205,0.16300638,0.015044041,0.32601276,0.6694599,14.507567,0.17300649,3.7491467,0.97034067,21.027822,0.27831477,6.0312357,0.037610106,0.8150319,0.22566062,4.890191,0.0075220205,0.16300638,0.0075220205,0.16300638,0.0,0.0,0.0,0.0,0.10530829,2.2820892,0.0,0.0,0.5039754,10.921427,0.59423965,12.877503,0.19557254,4.238166,0.045132123,0.97803825,0.07522021,1.6300638,0.33849093,7.335287,0.045132123,0.97803825,0.7672461,16.62665,0.35353497,7.6612997,0.037610106,0.8150319,0.20309456,4.401172,0.08274223,1.7930701,0.0,0.0,0.0,0.0,0.15044042,3.2601275,0.31592488,6.8462677,0.47619048,0.11283031,2.4450955,0.09778627,2.119083,49.24180661992499,28.32861920863727,27.65572832974141,5.4,5.4,54.6,54.6,94.8,94.8,1.9,3.7,-0.8538059824923839,0.5128205128205128,69856.66666666667,Asian,94.54545454545455,23.636363636363637,58.78787878787878,42.72727272727273,0.7268041237113403,0.0786516853932584,0.0617977528089887,0.050561797752809,7.2727272727272725,44.09090909090909
48,411,Bayside/Little Neck,87320,0.002,0.001,4.5,127.0,0.098,0.46,0.025,0.63,0.124,0.375,12.8,5304,2250,0.0549450549450549,0.0439560439560439,0.2527472527472527,0.9065934065934066,0.0384615384615384,0.0329670329670329,0.0604395604395604,0.6648351648351648,0.0439560439560439,0.305,54.70348837209303,0.6703296703296703,0.2967032967032967,2005.0,12,0.4395604395604395,0.2637362637362637,0.0164835164835164,0.0164835164835164,20.87912087912088,0.2087912087912088,0.0384615384615384,0.0109890109890109,1.098901098901099,0.0109890109890109,0.0109890109890109,0.0,118237.0,9.3186779,0,0.0,0.0,0.19452456,2.4681613,0.059203126,0.7511795,0.10149107,1.2877363,0.01691518,0.21462272,0.0,0.0,0.29601565,3.7558975,0.01691518,0.21462272,0.03383036,0.42924544,1.0064532,12.770052,0.15223661,1.9316045,1.6661452,21.140337,0.26218528,3.326652,0.08457589,1.0731136,0.329846,4.185143,0.03383036,0.42924544,0.025372768,0.32193407,0.0,0.0,0.0,0.0,0.13532144,1.7169818,0.0,0.0,0.46516743,5.902125,0.41442186,5.2582564,0.21143973,2.682784,0.042287946,0.5365568,0.059203126,0.7511795,0.329846,4.185143,0.03383036,0.42924544,1.5139085,19.208733,0.24527009,3.1120296,0.042287946,0.5365568,0.31293082,3.9705203,0.19452456,2.4681613,0.01691518,0.21462272,0.0,0.0,0.17760938,2.2535386,0.60048884,7.619107,0.29577464,0.109948665,1.3950477,0.10149107,1.2877363,7.836822329575953,64.00692182475744,63.351245533294254,5.4,5.4,54.6,54.6,94.8,94.8,2.4,3.9,-0.7460612436835107,0.4444444444444445,83450.0,Asian,83.63636363636363,33.93939393939394,46.06060606060606,60.45454545454545,1.3125,0.2967032967032966,0.13186813186813182,0.09340659340659341,3.6363636363636362,51.36363636363637
49,412,Jamaica,76760,0.5770000000000001,0.263,4.3,1079.0,0.113,0.146,0.5920000000000001,0.6,0.16699999999999998,0.013999999999999999,26.8,3413,1630,0.0519031141868512,0.0069204152249134,0.1072664359861591,0.9377162629757786,0.0173010380622837,0.2076124567474048,0.1660899653979238,0.5813148788927336,0.1730103806228373,0.3345,53.693430656934304,0.4948096885813148,0.4705882352941176,2006.0,11,0.4463667820069204,0.2941176470588235,0.0173010380622837,0.0069204152249134,16.26297577854671,0.1626297577854671,0.0242214532871972,0.0034602076124567,1.384083044982699,0.0138408304498269,0.0138408304498269,0.0,237303.0,9.2645091,10,0.0421402173592411,1.0793880055663176,0.15170477,3.8857968,0.016856087,0.4317552,0.12642065,3.238164,0.004214022,0.1079388,0.0,0.0,0.3286937,8.419227,0.029498152,0.7555716,0.016856087,0.4317552,1.4833356,37.994457,0.21070108,5.3969398,1.1925681,30.54668,0.24862728,6.368389,0.02528413,0.6476328,0.5646789,14.463799,0.08428044,2.158776,0.054782283,1.4032044,0.02528413,0.6476328,0.0,0.0,0.16013283,4.1016746,0.004214022,0.1079388,0.6026051,15.435248,0.67002946,17.16227,0.20648706,5.289001,0.06742435,1.7270207,0.029498152,0.7555716,0.3455498,8.850982,0.07585239,1.9428984,0.4256162,10.901818,0.2528413,6.476328,0.016856087,0.4317552,0.092708476,2.3746536,0.10535054,2.6984699,0.0,0.0,0.0,0.0,0.092708476,2.3746536,0.22755718,5.8286953,0.4074074,0.05056826,1.2952656,0.13063467,3.3461027,32.38341968911917,77.98303010263054,77.04591541826049,7.7,9.5,79.7,75.6,100.0,100.0,2.9,2.7,-0.13075753440553492,0.6134969325153374,92830.0,Black,90.9090909090909,75.75757575757576,48.18181818181818,29.545454545454543,0.6132075471698113,0.1141868512110725,0.0795847750865051,0.06228373702422141,49.09090909090909,64.0909090909091
50,413,Queens Village,106860,0.384,0.025,4.2,783.0,0.08900000000000001,0.157,0.539,0.65,0.147,0.096,10.6,6177,1990,0.08,0.016,0.136,0.92,0.02,0.12,0.064,0.592,0.072,0.276,56.98695652173913,0.664,0.416,2004.0,13,0.384,0.224,0.008,0.012,15.6,0.156,0.028,0.004,1.2,0.012,0.012,0.004,202641.0,19.6564075,5,0.0246741774862934,0.2543699808828241,0.12337089,1.27185,0.019739343,0.203496,0.06415286,0.661362,0.0049348357,0.050874,0.0,0.0,0.30102497,3.103314,0.03454385,0.356118,0.029609013,0.305244,1.1646212,12.006264,0.1381754,1.424472,1.0708593,11.039658,0.16284956,1.678842,0.014804507,0.152622,0.41452616,4.273416,0.06415286,0.661362,0.03454385,0.356118,0.014804507,0.152622,0.0,0.0,0.12337089,1.27185,0.0,0.0,0.68100727,7.020612,0.42439583,4.375164,0.10363154,1.068354,0.059218027,0.610488,0.04441352,0.45786598,0.2763508,2.848944,0.039478686,0.406992,0.7895737,8.13984,0.21219791,2.187582,0.03454385,0.356118,0.12337089,1.27185,0.12830572,1.322724,0.0,0.0,0.0,0.0,0.15791474,1.627968,0.33556882,3.459432,0.47058824,0.0690877,0.712236,0.10856638,1.119228,8.140422284406004,70.0970182444896,69.46843992088186,5.4,5.4,54.6,54.6,94.8,94.8,2.8,3.1,-0.690322886654133,0.5025125628140704,85350.0,Black,100.0,63.03030303030303,38.18181818181819,44.090909090909086,1.1547619047619044,0.15200000000000002,0.09999999999999996,0.07999999999999996,20.0,48.86363636363636
51,414,Rockaways,67230,0.301,0.374,6.0,270.0,0.198,0.038,0.392,0.69,0.20600000000000002,0.331,11.8,3255,1460,0.1047120418848167,0.0523560209424083,0.1256544502617801,0.9109947643979056,0.031413612565445,0.1413612565445026,0.193717277486911,0.5968586387434555,0.094240837696335,0.279,51.526315789473685,0.2879581151832461,0.2670157068062827,2010.0,7,0.5706806282722513,0.3926701570680628,0.0157068062827225,0.0418848167539267,21.98952879581152,0.2198952879581152,0.094240837696335,0.0575916230366492,4.18848167539267,0.0418848167539267,0.0418848167539267,0.0261780104712041,128437.0,11.3125998,2,0.0155718367760069,0.1767940204160674,0.101216935,1.1491612,0.0077859187,0.08839702,0.023357756,0.26519105,0.0077859187,0.08839702,0.0,0.0,0.21021979,2.3867195,0.06228735,0.70717615,0.023357756,0.26519105,0.9343102,10.607642,0.06228735,0.70717615,0.5761579,6.541379,0.0856451,0.97236717,0.031143675,0.35358807,0.5138706,5.834203,0.10900286,1.2375582,0.015571837,0.17679404,0.038929593,0.44198507,0.0,0.0,0.17907612,2.0331314,0.0077859187,0.08839702,0.5138706,5.834203,0.42822552,4.861836,0.093431026,1.0607642,0.05450143,0.6187791,0.046715513,0.5303821,0.19464797,2.2099254,0.015571837,0.17679404,0.66180307,7.5137463,0.19464797,2.2099254,0.038929593,0.44198507,0.10900286,1.2375582,0.077859186,0.88397014,0.0077859187,0.08839702,0.0077859187,0.08839702,0.16350429,1.8563373,0.30365083,3.4474835,0.53846157,0.046715513,0.5303821,0.07007326,0.7955731,19.6234420578096,147.8462022694386,147.2547441869134,5.4,5.4,54.6,54.6,94.8,94.8,3.1,2.7,-0.08288966636855422,0.684931506849315,85005.0,Black,36.36363636363637,50.303030303030305,28.787878787878782,29.090909090909086,1.0105263157894737,0.1780104712041884,0.1204188481675394,0.08900523560209439,87.27272727272727,58.63636363636364
52,501,North Shore,78250,0.17800000000000002,0.228,6.9,575.0,0.179,0.08800000000000001,0.19899999999999998,0.71,0.311,0.385,12.9,3097,1490,0.1335616438356164,0.0308219178082191,0.0102739726027397,0.8561643835616438,0.0821917808219178,0.1130136986301369,0.0958904109589041,0.6506849315068494,0.0787671232876712,0.309,52.84584980237154,0.4417808219178082,0.184931506849315,2006.0,11,0.4178082191780822,0.3184931506849315,0.0102739726027397,0.0308219178082191,19.17808219178082,0.1917808219178082,0.0650684931506849,0.023972602739726,2.054794520547945,0.0205479452054794,0.0205479452054794,0.0068493150684931,171983.0,14.0465502,9,0.0523307536209974,0.6407267173686533,0.13373415,1.6374128,0.06395981,0.78311044,0.2035085,2.4917152,0.011629056,0.14238372,0.0,0.0,0.2267666,2.7764826,0.040701695,0.49834302,0.03488717,0.42715114,0.9303245,11.3906975,0.19187944,2.3493314,0.90125185,11.034739,0.15699226,1.9221802,0.011629056,0.14238372,0.54656565,6.6920347,0.09303245,1.1390698,0.017443584,0.21357557,0.023258112,0.28476745,0.005814528,0.07119186,0.19769396,2.4205232,0.011629056,0.14238372,0.39538792,4.8410463,0.26165378,3.2036338,0.2267666,2.7764826,0.05814528,0.7119186,0.05814528,0.7119186,0.3721298,4.556279,0.08140339,0.99668604,1.0291715,12.600959,0.2035085,2.4917152,0.052330755,0.64072675,0.2035085,2.4917152,0.15699226,1.9221802,0.0,0.0,0.011629056,0.14238372,0.16280678,1.9933721,0.42446056,5.1970057,0.38356164,0.13373415,1.6374128,0.052330755,0.64072675,0.0,130.76336021848596,130.1518878604875,5.7,10.2,76.6,72.7,99.5,98.1,8.2,8.4,0.2135507458722031,0.6711409395973154,101420.0,White,81.81818181818183,41.81818181818181,69.09090909090908,46.81818181818181,0.6776315789473685,0.0410958904109588,0.226027397260274,0.14383561643835618,76.36363636363637,77.95454545454545
53,502,Mid-Island,101420,0.057,0.02,5.0,319.0,0.102,0.155,0.059000000000000004,0.55,0.125,0.6409999999999999,6.2,3680,1760,0.1091703056768559,0.0786026200873362,0.0,0.925764192139738,0.0305676855895196,0.0218340611353711,0.0218340611353711,0.6637554585152838,0.074235807860262,0.232,52.299019607843135,0.5982532751091703,0.3013100436681222,2007.0,10,0.4585152838427948,0.3056768558951965,0.0087336244541484,0.0349344978165938,17.46724890829694,0.1746724890829694,0.0611353711790393,0.0218340611353711,3.056768558951965,0.0305676855895196,0.0305676855895196,0.0131004366812227,138286.0,19.8235737,1,0.0072313900177892,0.0504449911571696,0.11570224,0.80711985,0.08677668,0.6053399,0.15909058,1.1097897,0.02892556,0.20177996,0.0,0.0,0.20971031,1.4629047,0.036156952,0.25222495,0.02892556,0.20177996,0.47004035,3.2789245,0.10847085,0.7566748,1.0485516,7.3145237,0.13016503,0.9080098,0.036156952,0.25222495,0.36880088,2.5726945,0.072313905,0.5044499,0.0,0.0,0.0,0.0,0.0,0.0,0.18801615,1.3115697,0.0,0.0,0.3398753,2.3709145,0.47004035,3.2789245,0.17355336,1.2106798,0.02169417,0.15133497,0.05061973,0.35311493,0.38326365,2.6735845,0.036156952,0.25222495,2.1983426,15.335277,0.2820242,1.9673547,0.01446278,0.10088998,0.33264396,2.3204696,0.19524753,1.3620148,0.01446278,0.10088998,0.00723139,0.05044499,0.13016503,0.9080098,0.48450315,3.3798144,0.26865673,0.11570224,0.80711985,0.072313905,0.5044499,0.0,134.1557687546143,133.59350139726158,5.4,5.4,54.6,54.6,94.8,94.8,3.8,3.7,-1.0031491341768284,0.5681818181818181,99365.0,White,60.0,14.242424242424244,28.484848484848484,48.18181818181819,1.6914893617021278,0.0786026200873362,0.10480349344978156,0.07423580786026196,32.72727272727273,42.27272727272727
54,503,South Shore,120480,0.126,0.0,5.4,469.0,0.066,0.048,0.013999999999999999,0.31,0.102,0.825,7.8,3462,1730,0.0855018587360594,0.0631970260223048,0.0297397769516728,0.9070631970260224,0.0446096654275092,0.0223048327137546,0.0037174721189591,0.6431226765799256,0.0743494423791821,0.238,55.08536585365854,0.6728624535315985,0.137546468401487,2002.0,15,0.3420074349442379,0.2193308550185873,0.0037174721189591,0.0334572490706319,17.843866171003718,0.1784386617100371,0.0297397769516728,0.0148698884758364,0.7434944237918215,0.0074349442379182,0.0074349442379182,0.0074349442379182,164624.0,24.5002249,1,0.0060744484400816,0.0408159518568337,0.14578676,0.97958285,0.09111673,0.6122393,0.06681893,0.44897547,0.03644669,0.24489571,0.0,0.0,0.23082905,1.5510062,0.012148896,0.08163191,0.006074448,0.040815953,0.3644669,2.4489572,0.11541452,0.7755031,0.82612497,5.5509696,0.10934007,0.73468715,0.030372243,0.20407976,0.23690349,1.5918221,0.018223345,0.122447856,0.0,0.0,0.012148896,0.08163191,0.0,0.0,0.10934007,0.73468715,0.006074448,0.040815953,0.23690349,1.5918221,0.29764795,1.9999816,0.06681893,0.44897547,0.04252114,0.28571168,0.06681893,0.44897547,0.21868014,1.4693743,0.030372243,0.20407976,0.9719118,6.5305524,0.1883079,1.2652946,0.030372243,0.20407976,0.23082905,1.5510062,0.16401011,1.1020306,0.0,0.0,0.012148896,0.08163191,0.13363786,0.89795095,0.4373603,2.9387486,0.30555555,0.060744487,0.40815952,0.04252114,0.28571168,0.0,94.73835996108868,94.12506779248169,5.4,5.4,54.6,54.6,94.8,94.8,5.8,3.7,-0.8668729269191257,0.5780346820809249,101420.0,White,79.0909090909091,3.3333333333333335,27.87878787878788,28.636363636363637,1.0271739130434783,0.0929368029739776,0.13754646840148677,0.09293680297397755,41.81818181818181,45.0
